[{"model": "openbook_common.emojigroup", "pk": 1, "fields": {"keyword": "Primary", "keyword_es": "", "keyword_en": "Primary", "keyword_de": "Standard", "keyword_nl": null, "keyword_da": null, "keyword_hu": null, "keyword_sv": "Prim\u00e4ra", "keyword_fr": "Principales", "keyword_it": "Principale", "keyword_tr": "Ba\u015fl\u0131ca", "keyword_pt_br": "B\u00e1sico", "color": "#FFFFFF", "order": 1, "created": "2018-10-22T12:23:30.382Z", "is_reaction_group": true}}, {"model": "openbook_common.emojigroup", "pk": 2, "fields": {"keyword": "Premium", "keyword_es": "", "keyword_en": "Premium", "keyword_de": "Premium", "keyword_nl": null, "keyword_da": null, "keyword_hu": null, "keyword_sv": "Premium", "keyword_fr": "Pr\u00e9mium", "keyword_it": "Premium", "keyword_tr": "Premium", "keyword_pt_br": "Premium", "color": "#FFFFFF", "order": 2, "created": "2018-10-22T12:23:30.382Z", "is_reaction_group": true}}, {"model": "openbook_common.emojigroup", "pk": 3, "fields": {"keyword": "Objects", "keyword_es": "", "keyword_en": "Objects", "keyword_de": "Objekte", "keyword_nl": null, "keyword_da": null, "keyword_hu": null, "keyword_sv": "Objekt", "keyword_fr": "Objets", "keyword_it": "Tipi", "keyword_tr": "Nesneler", "keyword_pt_br": "Objetos", "color": "#FFFFFF", "order": 2, "created": "2018-10-22T12:23:30.382Z", "is_reaction_group": false}}, {"model": "openbook_common.emoji", "pk": 1, "fields": {"group": 2, "keyword": "Waw", "keyword_es": "", "keyword_en": "Waw", "keyword_de": "Wuff", "keyword_nl": null, "keyword_da": null, "keyword_hu": null, "keyword_sv": "Waw", "keyword_fr": "Wouf", "keyword_it": "Waw", "keyword_tr": "Haw", "keyword_pt_br": "Auau", "color": "#f1b01b", "image": "openbook_common/emojis/doge.png", "created": "2018-10-22T12:23:30.382Z", "order": 9}}, {"model": "openbook_common.emoji", "pk": 2, "fields": {"group": 2, "keyword": "Party!", "keyword_es": "", "keyword_en": "Party!", "keyword_de": "Party!", "keyword_nl": null, "keyword_da": null, "keyword_hu": null, "keyword_sv": "Fest!", "keyword_fr": "Party !", "keyword_it": "Festa!", "keyword_tr": "Parti!", "keyword_pt_br": "Festa!", "color": "#000000", "image": "openbook_common/emojis/dancing_parrot.gif", "created": "2018-10-22T12:23:30.382Z", "order": 8}}, {"model": "openbook_common.emoji", "pk": 3, "fields": {"group": 1, "keyword": "Wow", "keyword_es": "", "keyword_en": "Wow", "keyword_de": "Wow", "keyword_nl": null, "keyword_da": null, "keyword_hu": null, "keyword_sv": "Wow", "keyword_fr": "Wow", "keyword_it": "Wow", "keyword_tr": "Vay can\u0131na", "keyword_pt_br": "Uau", "color": "#00d546", "image": "openbook_common/emojis/wow.png", "created": "2018-10-22T12:23:30.382Z", "order": 3}}, {"model": "openbook_common.emoji", "pk": 4, "fields": {"group": 1, "keyword": "Love it", "keyword_es": "", "keyword_en": "Love it", "keyword_de": "Liebe es", "keyword_nl": null, "keyword_da": null, "keyword_hu": null, "keyword_sv": "\u00c4lskar det", "keyword_fr": "J'adore !", "keyword_it": "Lo adoro", "keyword_tr": "Bay\u0131ld\u0131m", "keyword_pt_br": "Amei", "color": "#bd0043", "image": "openbook_common/emojis/love.png", "created": "2018-10-22T12:23:30.382Z", "order": 1}}, {"model": "openbook_common.emoji", "pk": 5, "fields": {"group": 1, "keyword": "Sad", "keyword_es": "", "keyword_en": "Sad", "keyword_de": "Traurig", "keyword_nl": null, "keyword_da": null, "keyword_hu": null, "keyword_sv": "Ledsen", "keyword_fr": "Triste", "keyword_it": "Triste", "keyword_tr": "\u00dcz\u00fcc\u00fc", "keyword_pt_br": "Triste", "color": "#505050", "image": "openbook_common/emojis/sad.png", "created": "2018-10-22T12:23:30.382Z", "order": 4}}, {"model": "openbook_common.emoji", "pk": 6, "fields": {"group": 2, "keyword": "Lit", "keyword_es": "", "keyword_en": "Lit", "keyword_de": "Lit", "keyword_nl": null, "keyword_da": null, "keyword_hu": null, "keyword_sv": "H\u00e4ftigt", "keyword_fr": "Allum\u00e9.e", "keyword_it": "Da urlo", "keyword_tr": "Ayd\u0131nlat\u0131c\u0131", "keyword_pt_br": "Fogo", "color": "#e48200", "image": "openbook_common/emojis/fire.png", "created": "2018-10-22T12:23:30.382Z", "order": 7}}, {"model": "openbook_common.emoji", "pk": 7, "fields": {"group": 2, "keyword": "Hooray!", "keyword_es": "", "keyword_en": "Hooray!", "keyword_de": "Hurra!", "keyword_nl": null, "keyword_da": null, "keyword_hu": null, "keyword_sv": "Hurra!", "keyword_fr": "Hourra !", "keyword_it": "Urr\u00e0!", "keyword_tr": "Ya\u015fas\u0131n!", "keyword_pt_br": "Viva!", "color": "#5200d4", "image": "openbook_common/emojis/party.png", "created": "2018-10-22T12:23:30.382Z", "order": 6}}, {"model": "openbook_common.emoji", "pk": 8, "fields": {"group": 1, "keyword": "Hehe", "keyword_es": "Jeje", "keyword_en": "Hehe", "keyword_de": "Hehe", "keyword_nl": null, "keyword_da": null, "keyword_hu": null, "keyword_sv": "Hehe", "keyword_fr": "Hehe", "keyword_it": "Hehe", "keyword_tr": "Hehe", "keyword_pt_br": "Hehe", "color": "#1b1b1b", "image": "openbook_common/emojis/hehe.png", "created": "2018-10-22T12:23:30.382Z", "order": 5}}, {"model": "openbook_common.emoji", "pk": 10, "fields": {"group": 1, "keyword": "Haha", "keyword_es": "", "keyword_en": "Haha", "keyword_de": "Haha", "keyword_nl": null, "keyword_da": null, "keyword_hu": null, "keyword_sv": "Haha", "keyword_fr": "Haha", "keyword_it": "Haha", "keyword_tr": "Haha", "keyword_pt_br": "Haha", "color": "#0089f2", "image": "openbook_common/emojis/haha.png", "created": "2018-10-22T12:23:30.382Z", "order": 2}}, {"model": "openbook_common.emoji", "pk": 11, "fields": {"group": 3, "keyword": "Alarm", "keyword_es": "", "keyword_en": "Alarm", "keyword_de": "Alarm", "keyword_nl": null, "keyword_da": null, "keyword_hu": null, "keyword_sv": "Larm", "keyword_fr": "Alarme", "keyword_it": "Allarme", "keyword_tr": "Alarm", "keyword_pt_br": "Alarme", "color": "#0089f2", "image": "openbook_common/emojis/alarm.png", "created": "2018-10-22T12:23:30.382Z", "order": 2}}, {"model": "openbook_common.emoji", "pk": 12, "fields": {"group": 3, "keyword": "Computer", "keyword_es": "", "keyword_en": "Computer", "keyword_de": "Computer", "keyword_nl": null, "keyword_da": null, "keyword_hu": null, "keyword_sv": "Dator", "keyword_fr": "Ordinateur", "keyword_it": "Computer", "keyword_tr": "Bilgisayar", "keyword_pt_br": "Computador", "color": "#0089f2", "image": "openbook_common/emojis/computer.png", "created": "2018-10-22T12:23:30.382Z", "order": 2}}, {"model": "openbook_common.emoji", "pk": 13, "fields": {"group": 3, "keyword": "Game", "keyword_es": null, "keyword_en": "Game", "keyword_de": null, "keyword_nl": null, "keyword_da": null, "keyword_hu": null, "keyword_sv": null, "keyword_fr": null, "keyword_it": null, "keyword_tr": null, "keyword_pt_br": null, "color": "#0089f2", "image": "openbook_common/emojis/game.png", "created": "2018-10-22T12:23:30.382Z", "order": 2}}, {"model": "openbook_common.emoji", "pk": 14, "fields": {"group": 3, "keyword": "Football", "keyword_es": "", "keyword_en": "Football", "keyword_de": "Fu\u00dfball", "keyword_nl": null, "keyword_da": null, "keyword_hu": null, "keyword_sv": "Fotboll", "keyword_fr": "Football", "keyword_it": "Calcio", "keyword_tr": "Futbol", "keyword_pt_br": "Futebol", "color": "#0089f2", "image": "openbook_common/emojis/football.png", "created": "2018-10-22T12:23:30.382Z", "order": 2}}, {"model": "openbook_common.emoji", "pk": 15, "fields": {"group": 3, "keyword": "Lighting", "keyword_es": "", "keyword_en": "Lighting", "keyword_de": "Blitz", "keyword_nl": null, "keyword_da": null, "keyword_hu": null, "keyword_sv": "Blixt", "keyword_fr": "\u00c9clairage", "keyword_it": "Illuminazione", "keyword_tr": "Ayd\u0131nlatma", "keyword_pt_br": "Ilumina\u00e7\u00e3o", "color": "#0089f2", "image": "openbook_common/emojis/lighting.png", "created": "2018-10-22T12:23:30.382Z", "order": 2}}, {"model": "openbook_common.emoji", "pk": 16, "fields": {"group": 3, "keyword": "Lock", "keyword_es": "", "keyword_en": "Lock", "keyword_de": "Schloss", "keyword_nl": null, "keyword_da": null, "keyword_hu": null, "keyword_sv": "L\u00e5s", "keyword_fr": "Serrure", "keyword_it": "Lucchetto", "keyword_tr": "Kilit", "keyword_pt_br": "Cadeado", "color": "#0089f2", "image": "openbook_common/emojis/lock.png", "created": "2018-10-22T12:23:30.382Z", "order": 2}}, {"model": "openbook_common.emoji", "pk": 17, "fields": {"group": 3, "keyword": "Money", "keyword_es": "", "keyword_en": "Money", "keyword_de": "Geld", "keyword_nl": null, "keyword_da": null, "keyword_hu": null, "keyword_sv": "Pengar", "keyword_fr": "Argent", "keyword_it": "Soldi", "keyword_tr": "Para", "keyword_pt_br": "Dinheiro", "color": "#0089f2", "image": "openbook_common/emojis/money.png", "created": "2018-10-22T12:23:30.382Z", "order": 2}}, {"model": "openbook_common.emoji", "pk": 18, "fields": {"group": 3, "keyword": "Pencil", "keyword_es": "", "keyword_en": "Pencil", "keyword_de": "Stift", "keyword_nl": null, "keyword_da": null, "keyword_hu": null, "keyword_sv": "Penna", "keyword_fr": "Crayon", "keyword_it": "Matita", "keyword_tr": "Kalem", "keyword_pt_br": "L\u00e1pis", "color": "#0089f2", "image": "openbook_common/emojis/pencil.png", "created": "2018-10-22T12:23:30.382Z", "order": 2}}, {"model": "openbook_common.emoji", "pk": 19, "fields": {"group": 3, "keyword": "Speaker", "keyword_es": "", "keyword_en": "Speaker", "keyword_de": "Lautsprecher", "keyword_nl": null, "keyword_da": null, "keyword_hu": null, "keyword_sv": "H\u00f6gtalare", "keyword_fr": "Haut-parleur", "keyword_it": "Altoparlante", "keyword_tr": "Hoparl\u00f6r", "keyword_pt_br": "Alto-falante", "color": "#0089f2", "image": "openbook_common/emojis/speaker.png", "created": "2018-10-22T12:23:30.382Z", "order": 2}}, {"model": "openbook_common.emoji", "pk": 20, "fields": {"group": 3, "keyword": "Camera", "keyword_es": "", "keyword_en": "Camera", "keyword_de": "Kamera", "keyword_nl": null, "keyword_da": null, "keyword_hu": null, "keyword_sv": "Kamera", "keyword_fr": "Cam\u00e9ra", "keyword_it": "Fotocamera", "keyword_tr": "Kamera", "keyword_pt_br": "C\u00e2mera", "color": "#0089f2", "image": "openbook_common/emojis/camera.png", "created": "2018-10-22T12:23:30.382Z", "order": 2}}, {"model": "openbook_common.emoji", "pk": 21, "fields": {"group": 2, "keyword": "Bravo!", "keyword_es": "", "keyword_en": "Bravo!", "keyword_de": "Bravo!", "keyword_nl": null, "keyword_da": null, "keyword_hu": null, "keyword_sv": "Bravo!", "keyword_fr": "Bravo !", "keyword_it": "Bravo!", "keyword_tr": "Aferin!", "keyword_pt_br": "Bravo!", "color": "#0089f2", "image": "openbook_common/emojis/bravo.png", "created": "2018-10-22T12:23:30.382Z", "order": 2}}, {"model": "openbook_common.emoji", "pk": 22, "fields": {"group": 1, "keyword": "Cool", "keyword_es": "", "keyword_en": "Cool", "keyword_de": "Cool", "keyword_nl": null, "keyword_da": null, "keyword_hu": null, "keyword_sv": "Cool", "keyword_fr": "Cool", "keyword_it": "Bello", "keyword_tr": "G\u00fczel hareket", "keyword_pt_br": "Legal", "color": "#0089f2", "image": "openbook_common/emojis/cool.png", "created": "2018-10-22T12:23:30.382Z", "order": 98}}, {"model": "openbook_common.emoji", "pk": 23, "fields": {"group": 3, "keyword": "News", "keyword_es": "", "keyword_en": "News", "keyword_de": "News", "keyword_nl": null, "keyword_da": null, "keyword_hu": null, "keyword_sv": "Nyheter", "keyword_fr": "Actualit\u00e9", "keyword_it": "Notizie", "keyword_tr": "Haber", "keyword_pt_br": "Not\u00edcias", "color": "#0089f2", "image": "openbook_common/emojis/news.png", "created": "2018-10-22T12:23:30.382Z", "order": 2}}, {"model": "openbook_common.emoji", "pk": 24, "fields": {"group": 3, "keyword": "Earth", "keyword_es": "", "keyword_en": "Earth", "keyword_de": "Erde", "keyword_nl": null, "keyword_da": null, "keyword_hu": null, "keyword_sv": "Jorden", "keyword_fr": "Terre", "keyword_it": "Terra", "keyword_tr": "D\u00fcnya", "keyword_pt_br": "Terra", "color": "#0089f2", "image": "openbook_common/emojis/earth.png", "created": "2018-10-22T12:23:30.382Z", "order": 2}}, {"model": "openbook_common.emoji", "pk": 25, "fields": {"group": 3, "keyword": "Book", "keyword_es": "", "keyword_en": "Book", "keyword_de": "Buch", "keyword_nl": null, "keyword_da": null, "keyword_hu": null, "keyword_sv": "Bok", "keyword_fr": "Livre", "keyword_it": "Libro", "keyword_tr": "Kitap", "keyword_pt_br": "Livro", "color": "#0089f2", "image": "openbook_common/emojis/book.png", "created": "2018-10-22T12:23:30.382Z", "order": 2}}, {"model": "openbook_common.emoji", "pk": 26, "fields": {"group": 3, "keyword": "Science", "keyword_es": "", "keyword_en": "Science", "keyword_de": "Wissenschaft", "keyword_nl": null, "keyword_da": null, "keyword_hu": null, "keyword_sv": "Vetenskap", "keyword_fr": "Science", "keyword_it": "Scienza", "keyword_tr": "Bilim", "keyword_pt_br": "Ci\u00eancia", "color": "#0089f2", "image": "openbook_common/emojis/science.png", "created": "2018-10-22T12:23:30.382Z", "order": 2}}, {"model": "openbook_common.emoji", "pk": 27, "fields": {"group": 3, "keyword": "Bulb", "keyword_es": "", "keyword_en": "Bulb", "keyword_de": "Gl\u00fchbirne", "keyword_nl": null, "keyword_da": null, "keyword_hu": null, "keyword_sv": "Gl\u00f6dlampa", "keyword_fr": "Ampoule", "keyword_it": "Lampadina", "keyword_tr": "Ampul", "keyword_pt_br": "L\u00e2mpada", "color": "#0089f2", "image": "openbook_common/emojis/bulb.png", "created": "2018-10-22T12:23:30.382Z", "order": 2}}, {"model": "openbook_common.emoji", "pk": 28, "fields": {"group": 3, "keyword": "Fancy hat", "keyword_es": "", "keyword_en": "Fancy hat", "keyword_de": "Zauberhut", "keyword_nl": null, "keyword_da": null, "keyword_hu": null, "keyword_sv": "Stilig hatt", "keyword_fr": "Chapeau luxueux", "keyword_it": "Cappello stiloso", "keyword_tr": "S\u00fcsl\u00fc \u015fapka", "keyword_pt_br": "Chap\u00e9u estiloso", "color": "#0089f2", "image": "openbook_common/emojis/fancy_hat.png", "created": "2018-10-22T12:23:30.382Z", "order": 2}}, {"model": "openbook_common.emoji", "pk": 29, "fields": {"group": 3, "keyword": "Heart", "keyword_es": "", "keyword_en": "Heart", "keyword_de": "Herz", "keyword_nl": null, "keyword_da": null, "keyword_hu": null, "keyword_sv": "Hj\u00e4rta", "keyword_fr": "C\u0153ur", "keyword_it": "Cuore", "keyword_tr": "Kalp", "keyword_pt_br": "Cora\u00e7\u00e3o", "color": "#0089f2", "image": "openbook_common/emojis/heart.png", "created": "2018-10-22T12:23:30.382Z", "order": 2}}, {"model": "openbook_common.emoji", "pk": 30, "fields": {"group": 3, "keyword": "Star", "keyword_es": "", "keyword_en": "Star", "keyword_de": "Stern", "keyword_nl": null, "keyword_da": null, "keyword_hu": null, "keyword_sv": "Stj\u00e4rna", "keyword_fr": "\u00c9toile", "keyword_it": "Stella", "keyword_tr": "Y\u0131ld\u0131z", "keyword_pt_br": "Estrela", "color": "#0089f2", "image": "openbook_common/emojis/star.png", "created": "2018-10-22T12:23:30.382Z", "order": 2}}, {"model": "openbook_common.emoji", "pk": 31, "fields": {"group": 3, "keyword": "Trophy", "keyword_es": "", "keyword_en": "Trophy", "keyword_de": "Pokal", "keyword_nl": null, "keyword_da": null, "keyword_hu": null, "keyword_sv": "Trof\u00e9", "keyword_fr": "Troph\u00e9e", "keyword_it": "Trofeo", "keyword_tr": "Kupa", "keyword_pt_br": "Trof\u00e9u", "color": "#0089f2", "image": "openbook_common/emojis/trophy.png", "created": "2018-10-22T12:23:30.382Z", "order": 2}}, {"model": "openbook_common.emoji", "pk": 32, "fields": {"group": 2, "keyword": "OMG", "keyword_es": "", "keyword_en": "OMG", "keyword_de": "OMG", "keyword_nl": null, "keyword_da": null, "keyword_hu": null, "keyword_sv": "Herre gud", "keyword_fr": "Oh l\u00e0 l\u00e0", "keyword_it": "OMG", "keyword_tr": "AMAN TANRIM", "keyword_pt_br": "MDS", "color": "#0089f2", "image": "openbook_common/emojis/omg.png", "created": "2018-10-22T12:23:30.382Z", "order": 2}}, {"model": "openbook_common.emoji", "pk": 33, "fields": {"group": 2, "keyword": "Thankful", "keyword_es": "", "keyword_en": "Thankful", "keyword_de": "Dankbar", "keyword_nl": null, "keyword_da": null, "keyword_hu": null, "keyword_sv": "Tacksam", "keyword_fr": "Reconnaisant.e", "keyword_it": "Grato", "keyword_tr": "M\u00fcte\u015fekkir", "keyword_pt_br": "Gratid\u00e3o", "color": "#0089f2", "image": "openbook_common/emojis/thanks.png", "created": "2018-10-22T12:23:30.382Z", "order": 2}}, {"model": "openbook_common.emoji", "pk": 34, "fields": {"group": 3, "keyword": "Music", "keyword_es": "", "keyword_en": "Music", "keyword_de": "Musik", "keyword_nl": null, "keyword_da": null, "keyword_hu": null, "keyword_sv": "Musik", "keyword_fr": "Musique", "keyword_it": "Musica", "keyword_tr": "M\u00fczik", "keyword_pt_br": "M\u00fasica", "color": "#0089f2", "image": "openbook_common/emojis/music.png", "created": "2018-10-22T12:23:30.382Z", "order": 2}}, {"model": "openbook_common.emoji", "pk": 35, "fields": {"group": 2, "keyword": "Wohoo!", "keyword_es": "", "keyword_en": "Wohoo!", "keyword_de": "Wohoo!", "keyword_nl": null, "keyword_da": null, "keyword_hu": null, "keyword_sv": "Wohoo!", "keyword_fr": "Super !", "keyword_it": "Wohoo!", "keyword_tr": "Wohoo!", "keyword_pt_br": "Uhull!", "color": "#0089f2", "image": "openbook_common/emojis/wohoo.png", "created": "2018-10-22T12:23:30.382Z", "order": 2}}, {"model": "openbook_common.emoji", "pk": 36, "fields": {"group": 3, "keyword": "Palette", "keyword_es": "", "keyword_en": "Palette", "keyword_de": "Farbpalette", "keyword_nl": null, "keyword_da": null, "keyword_hu": null, "keyword_sv": "Palett", "keyword_fr": "Palette", "keyword_it": "Tavolozza", "keyword_tr": "Palet", "keyword_pt_br": "Paleta", "color": "#0089f2", "image": "openbook_common/emojis/palette.png", "created": "2018-10-22T12:23:30.382Z", "order": 2}}, {"model": "openbook_common.emoji", "pk": 37, "fields": {"group": 3, "keyword": "Alien", "keyword_es": "", "keyword_en": "Alien", "keyword_de": "Alien", "keyword_nl": null, "keyword_da": null, "keyword_hu": null, "keyword_sv": "Utomjording", "keyword_fr": "Extraterrestre", "keyword_it": "Alieno", "keyword_tr": "Uzayl\u0131", "keyword_pt_br": "Alien\u00edgena", "color": "#0089f2", "image": "openbook_common/emojis/alien.png", "created": "2018-10-22T12:23:30.382Z", "order": 2}}, {"model": "openbook_common.emoji", "pk": 38, "fields": {"group": 3, "keyword": "Airplane", "keyword_es": "", "keyword_en": "Airplane", "keyword_de": "Flugzeug", "keyword_nl": null, "keyword_da": null, "keyword_hu": null, "keyword_sv": "Flygplan", "keyword_fr": "Avion", "keyword_it": "Aeroplano", "keyword_tr": "U\u00e7ak", "keyword_pt_br": "Avi\u00e3o", "color": "#0089f2", "image": "openbook_common/emojis/airplane.png", "created": "2018-10-22T12:23:30.382Z", "order": 2}}, {"model": "openbook_common.emoji", "pk": 39, "fields": {"group": 3, "keyword": "Rocket", "keyword_es": "", "keyword_en": "Rocket", "keyword_de": "Rakete", "keyword_nl": null, "keyword_da": null, "keyword_hu": null, "keyword_sv": "Raket", "keyword_fr": "Fus\u00e9e", "keyword_it": "Razzo", "keyword_tr": "Roket", "keyword_pt_br": "Foguete", "color": "#0089f2", "image": "openbook_common/emojis/rocket.png", "created": "2018-10-22T12:23:30.382Z", "order": 2}}, {"model": "openbook_common.emoji", "pk": 40, "fields": {"group": 3, "keyword": "Lipstick", "keyword_es": "", "keyword_en": "Lipstick", "keyword_de": "Lippenstift", "keyword_nl": null, "keyword_da": null, "keyword_hu": null, "keyword_sv": "L\u00e4ppstift", "keyword_fr": "Rouge \u00e0 l\u00e8vres", "keyword_it": "Rossetto", "keyword_tr": "Ruj", "keyword_pt_br": "Batom", "color": "#0089f2", "image": "openbook_common/emojis/lipstick.png", "created": "2018-10-22T12:23:30.382Z", "order": 2}}, {"model": "openbook_common.emoji", "pk": 41, "fields": {"group": 3, "keyword": "Crown", "keyword_es": "", "keyword_en": "Crown", "keyword_de": "Krone", "keyword_nl": null, "keyword_da": null, "keyword_hu": null, "keyword_sv": "Krona", "keyword_fr": "Couronne", "keyword_it": "Corona", "keyword_tr": "Taht", "keyword_pt_br": "Coroa", "color": "#0089f2", "image": "openbook_common/emojis/crown.png", "created": "2018-10-22T12:23:30.382Z", "order": 2}}, {"model": "openbook_common.emoji", "pk": 42, "fields": {"group": 3, "keyword": "Map", "keyword_es": "", "keyword_en": "Map", "keyword_de": "Landkarte", "keyword_nl": null, "keyword_da": null, "keyword_hu": null, "keyword_sv": "Karta", "keyword_fr": "Carte", "keyword_it": "Mappa", "keyword_tr": "Harita", "keyword_pt_br": "Mapa", "color": "#0089f2", "image": "openbook_common/emojis/map.png", "created": "2018-10-22T12:23:30.382Z", "order": 2}}, {"model": "openbook_common.emoji", "pk": 43, "fields": {"group": 1, "keyword": "Likey", "keyword_es": "", "keyword_en": "Likey", "keyword_de": "Gef\u00e4llt mir", "keyword_nl": null, "keyword_da": null, "keyword_hu": null, "keyword_sv": "Gillar det", "keyword_fr": "J'aime", "keyword_it": "Mi piace", "keyword_tr": "Be\u011fendim", "keyword_pt_br": "Curti", "color": "#0089f2", "image": "openbook_common/emojis/thumbs_up.png", "created": "2018-10-22T12:23:30.382Z", "order": 99}}, {"model": "openbook_common.emoji", "pk": 44, "fields": {"group": 2, "keyword": "Pride", "keyword_es": "", "keyword_en": "Pride", "keyword_de": "Stolz", "keyword_nl": null, "keyword_da": null, "keyword_hu": null, "keyword_sv": "Stolthet", "keyword_fr": "Fiert\u00e9", "keyword_it": "Orgoglio", "keyword_tr": "Gurur", "keyword_pt_br": "Orgulho", "color": "#0089f2", "image": "openbook_common/emojis/pride.png", "created": "2018-10-22T12:23:30.382Z", "order": 100}}, {"model": "openbook_common.emoji", "pk": 45, "fields": {"group": 2, "keyword": "Whoop!", "keyword_es": "Whoop!", "keyword_en": "Whoop!", "keyword_de": "Whoop!", "keyword_nl": null, "keyword_da": null, "keyword_hu": null, "keyword_sv": "Whoop!", "keyword_fr": "Whoop!", "keyword_it": "Whoop!", "keyword_tr": "Whoop!", "keyword_pt_br": "Whoop!", "color": "#0089f2", "image": "openbook_common/emojis/whoop.gif", "created": "2018-10-22T12:23:30.382Z", "order": 100}}, {"model": "openbook_common.emoji", "pk": 46, "fields": {"group": 1, "keyword": "Hmm", "keyword_es": "Hmm", "keyword_en": "Hmm", "keyword_de": "Hmm", "keyword_nl": null, "keyword_da": null, "keyword_hu": null, "keyword_sv": "Hmm", "keyword_fr": "Hmm", "keyword_it": "Hmm", "keyword_tr": "Hmm", "keyword_pt_br": "Hmm", "color": "#0089f2", "image": "openbook_common/emojis/hmm.png", "created": "2018-10-22T12:23:30.382Z", "order": 96}}, {"model": "openbook_common.emoji", "pk": 47, "fields": {"group": 2, "keyword": "Yummy", "keyword_es": "Yummy", "keyword_en": "Yummy", "keyword_de": "Yummy", "keyword_nl": null, "keyword_da": null, "keyword_hu": null, "keyword_sv": "Yummy", "keyword_fr": "Yummy", "keyword_it": "Yummy", "keyword_tr": "Yummy", "keyword_pt_br": "Yummy", "color": "#0089f2", "image": "openbook_common/emojis/yummy.png", "created": "2018-10-22T12:23:30.382Z", "order": 100}}, {"model": "openbook_common.emoji", "pk": 48, "fields": {"group": 1, "keyword": "Ehh", "keyword_es": "Ehh", "keyword_en": "Ehh", "keyword_de": "Ehh", "keyword_nl": null, "keyword_da": null, "keyword_hu": null, "keyword_sv": "Ehh", "keyword_fr": "Ehh", "keyword_it": "Ehh", "keyword_tr": "Ehh", "keyword_pt_br": "Ehh", "color": "#0089f2", "image": "openbook_common/emojis/ehh.png", "created": "2018-10-22T12:23:30.382Z", "order": 100}}, {"model": "openbook_common.emoji", "pk": 49, "fields": {"group": 1, "keyword": "Hug", "keyword_es": "Hug", "keyword_en": "Hug", "keyword_de": "Hug", "keyword_nl": null, "keyword_da": null, "keyword_hu": null, "keyword_sv": "Hug", "keyword_fr": "Hug", "keyword_it": "Hug", "keyword_tr": "Hug", "keyword_pt_br": "Hug", "color": "#0089f2", "image": "openbook_common/emojis/hug.png", "created": "2018-10-22T12:23:30.382Z", "order": 100}}, {"model": "openbook_common.emoji", "pk": 50, "fields": {"group": 2, "keyword": "Cheers!", "keyword_es": "Cheers!", "keyword_en": "Cheers!", "keyword_de": "Cheers!", "keyword_nl": null, "keyword_da": null, "keyword_hu": null, "keyword_sv": "Cheers!", "keyword_fr": "Cheers!", "keyword_it": "Cheers!", "keyword_tr": "Cheers!", "keyword_pt_br": "Cheers!", "color": "#0089f2", "image": "openbook_common/emojis/cheers.png", "created": "2018-10-22T12:23:30.382Z", "order": 2}}, {"model": "openbook_common.emoji", "pk": 51, "fields": {"group": 2, "keyword": "Hoot!", "keyword_es": "Hoot!", "keyword_en": "Hoot!", "keyword_de": "Hoot!", "keyword_nl": null, "keyword_da": null, "keyword_hu": null, "keyword_sv": "Hoot!", "keyword_fr": "Hoot!", "keyword_it": "Hoot!", "keyword_tr": "Hoot!", "keyword_pt_br": "Hoot!", "color": "#0089f2", "image": "openbook_common/emojis/hoot.png", "created": "2018-10-22T12:23:30.382Z", "order": 200}}, {"model": "openbook_common.badge", "pk": 1, "fields": {"keyword": "VERIFIED", "keyword_description": "Verified", "keyword_description_es": "Verified", "keyword_description_en": "Verified", "keyword_description_de": "Verified", "keyword_description_nl": null, "keyword_description_da": null, "keyword_description_hu": null, "keyword_description_sv": null, "keyword_description_fr": null, "keyword_description_it": null, "keyword_description_tr": null, "keyword_description_pt_br": null, "created": "2018-10-22T12:23:30.382Z"}}, {"model": "openbook_common.badge", "pk": 2, "fields": {"keyword": "SUPER_FOUNDER", "keyword_description": "Okuna Super Founder", "keyword_description_es": "Okuna Super Founder", "keyword_description_en": "Okuna Super Founder", "keyword_description_de": "Okuna Super Founder", "keyword_description_nl": null, "keyword_description_da": null, "keyword_description_hu": null, "keyword_description_sv": null, "keyword_description_fr": null, "keyword_description_it": null, "keyword_description_tr": null, "keyword_description_pt_br": null, "created": "2018-10-22T12:23:30.382Z"}}, {"model": "openbook_common.badge", "pk": 3, "fields": {"keyword": "DIAMOND_FOUNDER", "keyword_description": "Okuna Diamond Founder", "keyword_description_es": "Okuna Diamond Founder", "keyword_description_en": "Okuna Diamond Founder", "keyword_description_de": "Okuna Diamond Founder", "keyword_description_nl": null, "keyword_description_da": null, "keyword_description_hu": null, "keyword_description_sv": null, "keyword_description_fr": null, "keyword_description_it": null, "keyword_description_tr": null, "keyword_description_pt_br": null, "created": "2018-10-22T12:23:30.382Z"}}, {"model": "openbook_common.badge", "pk": 4, "fields": {"keyword": "GOLDEN_FOUNDER", "keyword_description": "Okuna Golden Founder", "keyword_description_es": "Okuna Golden Founder", "keyword_description_en": "Okuna Golden Founder", "keyword_description_de": "Okuna Golden Founder", "keyword_description_nl": null, "keyword_description_da": null, "keyword_description_hu": null, "keyword_description_sv": null, "keyword_description_fr": null, "keyword_description_it": null, "keyword_description_tr": null, "keyword_description_pt_br": null, "created": "2018-10-22T12:23:30.382Z"}}, {"model": "openbook_common.badge", "pk": 5, "fields": {"keyword": "FOUNDER", "keyword_description": "Okuna Founder", "keyword_description_es": "Okuna Founder", "keyword_description_en": "Okuna Founder", "keyword_description_de": "Okuna Founder", "keyword_description_nl": null, "keyword_description_da": null, "keyword_description_hu": null, "keyword_description_sv": null, "keyword_description_fr": null, "keyword_description_it": null, "keyword_description_tr": null, "keyword_description_pt_br": null, "created": "2018-10-22T12:23:30.382Z"}}, {"model": "openbook_common.badge", "pk": 6, "fields": {"keyword": "ANGEL", "keyword_description": "Okuna Angel", "keyword_description_es": "Okuna Angel", "keyword_description_en": "Okuna Angel", "keyword_description_de": "Okuna Angel", "keyword_description_nl": null, "keyword_description_da": null, "keyword_description_hu": null, "keyword_description_sv": null, "keyword_description_fr": null, "keyword_description_it": null, "keyword_description_tr": null, "keyword_description_pt_br": null, "created": "2018-10-22T12:23:30.382Z"}}, {"model": "openbook_common.language", "pk": 1, "fields": {"code": "ach", "name": "Acholi", "name_es": null, "name_en": "Acholi", "name_de": null, "name_nl": null, "name_da": null, "name_hu": null, "name_sv": null, "name_fr": null, "name_it": null, "name_tr": null, "name_pt_br": null, "created": "2018-10-22T12:23:30.382Z"}}, {"model": "openbook_common.language", "pk": 2, "fields": {"code": "aa", "name": "Afar", "name_es": null, "name_en": "Afar", "name_de": null, "name_nl": null, "name_da": null, "name_hu": null, "name_sv": null, "name_fr": null, "name_it": null, "name_tr": null, "name_pt_br": null, "created": "2018-10-22T12:23:30.382Z"}}, {"model": "openbook_common.language", "pk": 3, "fields": {"code": "af", "name": "Afrikaans", "name_es": null, "name_en": "Afrikaans", "name_de": null, "name_nl": null, "name_da": null, "name_hu": null, "name_sv": null, "name_fr": null, "name_it": null, "name_tr": null, "name_pt_br": null, "created": "2018-10-22T12:23:30.382Z"}}, {"model": "openbook_common.language", "pk": 4, "fields": {"code": "ak", "name": "Akan", "name_es": null, "name_en": "Akan", "name_de": null, "name_nl": null, "name_da": null, "name_hu": null, "name_sv": null, "name_fr": null, "name_it": null, "name_tr": null, "name_pt_br": null, "created": "2018-10-22T12:23:30.382Z"}}, {"model": "openbook_common.language", "pk": 5, "fields": {"code": "tw", "name": "Akan, Twi", "name_es": null, "name_en": "Akan, Twi", "name_de": null, "name_nl": null, "name_da": null, "name_hu": null, "name_sv": null, "name_fr": null, "name_it": null, "name_tr": null, "name_pt_br": null, "created": "2018-10-22T12:23:30.382Z"}}, {"model": "openbook_common.language", "pk": 6, "fields": {"code": "sq", "name": "Albanian", "name_es": null, "name_en": "Albanian", "name_de": null, "name_nl": null, "name_da": null, "name_hu": null, "name_sv": null, "name_fr": null, "name_it": null, "name_tr": null, "name_pt_br": null, "created": "2018-10-22T12:23:30.382Z"}}, {"model": "openbook_common.language", "pk": 7, "fields": {"code": "am", "name": "Amharic", "name_es": null, "name_en": "Amharic", "name_de": null, "name_nl": null, "name_da": null, "name_hu": null, "name_sv": null, "name_fr": null, "name_it": null, "name_tr": null, "name_pt_br": null, "created": "2018-10-22T12:23:30.382Z"}}, {"model": "openbook_common.language", "pk": 8, "fields": {"code": "ar", "name": "Arabic", "name_es": null, "name_en": "Arabic", "name_de": null, "name_nl": null, "name_da": null, "name_hu": null, "name_sv": null, "name_fr": null, "name_it": null, "name_tr": null, "name_pt_br": null, "created": "2018-10-22T12:23:30.382Z"}}, {"model": "openbook_common.language", "pk": 9, "fields": {"code": "ar-BH", "name": "Arabic, Bahrain", "name_es": null, "name_en": "Arabic, Bahrain", "name_de": null, "name_nl": null, "name_da": null, "name_hu": null, "name_sv": null, "name_fr": null, "name_it": null, "name_tr": null, "name_pt_br": null, "created": "2018-10-22T12:23:30.382Z"}}, {"model": "openbook_common.language", "pk": 10, "fields": {"code": "ar-EG", "name": "Arabic, Egypt", "name_es": null, "name_en": "Arabic, Egypt", "name_de": null, "name_nl": null, "name_da": null, "name_hu": null, "name_sv": null, "name_fr": null, "name_it": null, "name_tr": null, "name_pt_br": null, "created": "2018-10-22T12:23:30.382Z"}}, {"model": "openbook_common.language", "pk": 11, "fields": {"code": "ar-SA", "name": "Arabic, Saudi Arabia", "name_es": null, "name_en": "Arabic, Saudi Arabia", "name_de": null, "name_nl": null, "name_da": null, "name_hu": null, "name_sv": null, "name_fr": null, "name_it": null, "name_tr": null, "name_pt_br": null, "created": "2018-10-22T12:23:30.382Z"}}, {"model": "openbook_common.language", "pk": 12, "fields": {"code": "ar-YE", "name": "Arabic, Yemen", "name_es": null, "name_en": "Arabic, Yemen", "name_de": null, "name_nl": null, "name_da": null, "name_hu": null, "name_sv": null, "name_fr": null, "name_it": null, "name_tr": null, "name_pt_br": null, "created": "2018-10-22T12:23:30.382Z"}}, {"model": "openbook_common.language", "pk": 13, "fields": {"code": "an", "name": "Aragonese", "name_es": null, "name_en": "Aragonese", "name_de": null, "name_nl": null, "name_da": null, "name_hu": null, "name_sv": null, "name_fr": null, "name_it": null, "name_tr": null, "name_pt_br": null, "created": "2018-10-22T12:23:30.382Z"}}, {"model": "openbook_common.language", "pk": 14, "fields": {"code": "hy-AM", "name": "Armenian", "name_es": null, "name_en": "Armenian", "name_de": null, "name_nl": null, "name_da": null, "name_hu": null, "name_sv": null, "name_fr": null, "name_it": null, "name_tr": null, "name_pt_br": null, "created": "2018-10-22T12:23:30.382Z"}}, {"model": "openbook_common.language", "pk": 15, "fields": {"code": "frp", "name": "Arpitan", "name_es": null, "name_en": "Arpitan", "name_de": null, "name_nl": null, "name_da": null, "name_hu": null, "name_sv": null, "name_fr": null, "name_it": null, "name_tr": null, "name_pt_br": null, "created": "2018-10-22T12:23:30.382Z"}}, {"model": "openbook_common.language", "pk": 16, "fields": {"code": "as", "name": "Assamese", "name_es": null, "name_en": "Assamese", "name_de": null, "name_nl": null, "name_da": null, "name_hu": null, "name_sv": null, "name_fr": null, "name_it": null, "name_tr": null, "name_pt_br": null, "created": "2018-10-22T12:23:30.382Z"}}, {"model": "openbook_common.language", "pk": 17, "fields": {"code": "ast", "name": "Asturian", "name_es": null, "name_en": "Asturian", "name_de": null, "name_nl": null, "name_da": null, "name_hu": null, "name_sv": null, "name_fr": null, "name_it": null, "name_tr": null, "name_pt_br": null, "created": "2018-10-22T12:23:30.382Z"}}, {"model": "openbook_common.language", "pk": 18, "fields": {"code": "tay", "name": "Atayal", "name_es": null, "name_en": "Atayal", "name_de": null, "name_nl": null, "name_da": null, "name_hu": null, "name_sv": null, "name_fr": null, "name_it": null, "name_tr": null, "name_pt_br": null, "created": "2018-10-22T12:23:30.382Z"}}, {"model": "openbook_common.language", "pk": 19, "fields": {"code": "av", "name": "Avaric", "name_es": null, "name_en": "Avaric", "name_de": null, "name_nl": null, "name_da": null, "name_hu": null, "name_sv": null, "name_fr": null, "name_it": null, "name_tr": null, "name_pt_br": null, "created": "2018-10-22T12:23:30.382Z"}}, {"model": "openbook_common.language", "pk": 20, "fields": {"code": "ae", "name": "Avestan", "name_es": null, "name_en": "Avestan", "name_de": null, "name_nl": null, "name_da": null, "name_hu": null, "name_sv": null, "name_fr": null, "name_it": null, "name_tr": null, "name_pt_br": null, "created": "2018-10-22T12:23:30.382Z"}}, {"model": "openbook_common.language", "pk": 21, "fields": {"code": "ay", "name": "Aymara", "name_es": null, "name_en": "Aymara", "name_de": null, "name_nl": null, "name_da": null, "name_hu": null, "name_sv": null, "name_fr": null, "name_it": null, "name_tr": null, "name_pt_br": null, "created": "2018-10-22T12:23:30.382Z"}}, {"model": "openbook_common.language", "pk": 22, "fields": {"code": "az", "name": "Azerbaijani", "name_es": null, "name_en": "Azerbaijani", "name_de": null, "name_nl": null, "name_da": null, "name_hu": null, "name_sv": null, "name_fr": null, "name_it": null, "name_tr": null, "name_pt_br": null, "created": "2018-10-22T12:23:30.382Z"}}, {"model": "openbook_common.language", "pk": 23, "fields": {"code": "ban", "name": "Balinese", "name_es": null, "name_en": "Balinese", "name_de": null, "name_nl": null, "name_da": null, "name_hu": null, "name_sv": null, "name_fr": null, "name_it": null, "name_tr": null, "name_pt_br": null, "created": "2018-10-22T12:23:30.382Z"}}, {"model": "openbook_common.language", "pk": 24, "fields": {"code": "bal", "name": "Balochi", "name_es": null, "name_en": "Balochi", "name_de": null, "name_nl": null, "name_da": null, "name_hu": null, "name_sv": null, "name_fr": null, "name_it": null, "name_tr": null, "name_pt_br": null, "created": "2018-10-22T12:23:30.382Z"}}, {"model": "openbook_common.language", "pk": 25, "fields": {"code": "bm", "name": "Bambara", "name_es": null, "name_en": "Bambara", "name_de": null, "name_nl": null, "name_da": null, "name_hu": null, "name_sv": null, "name_fr": null, "name_it": null, "name_tr": null, "name_pt_br": null, "created": "2018-10-22T12:23:30.382Z"}}, {"model": "openbook_common.language", "pk": 26, "fields": {"code": "ba", "name": "Bashkir", "name_es": null, "name_en": "Bashkir", "name_de": null, "name_nl": null, "name_da": null, "name_hu": null, "name_sv": null, "name_fr": null, "name_it": null, "name_tr": null, "name_pt_br": null, "created": "2018-10-22T12:23:30.382Z"}}, {"model": "openbook_common.language", "pk": 27, "fields": {"code": "eu", "name": "Basque", "name_es": null, "name_en": "Basque", "name_de": null, "name_nl": null, "name_da": null, "name_hu": null, "name_sv": null, "name_fr": null, "name_it": null, "name_tr": null, "name_pt_br": null, "created": "2018-10-22T12:23:30.382Z"}}, {"model": "openbook_common.language", "pk": 28, "fields": {"code": "be", "name": "Belarusian", "name_es": null, "name_en": "Belarusian", "name_de": null, "name_nl": null, "name_da": null, "name_hu": null, "name_sv": null, "name_fr": null, "name_it": null, "name_tr": null, "name_pt_br": null, "created": "2018-10-22T12:23:30.382Z"}}, {"model": "openbook_common.language", "pk": 29, "fields": {"code": "bn", "name": "Bengali", "name_es": null, "name_en": "Bengali", "name_de": null, "name_nl": null, "name_da": null, "name_hu": null, "name_sv": null, "name_fr": null, "name_it": null, "name_tr": null, "name_pt_br": null, "created": "2018-10-22T12:23:30.382Z"}}, {"model": "openbook_common.language", "pk": 30, "fields": {"code": "bn-IN", "name": "Bengali, India", "name_es": null, "name_en": "Bengali, India", "name_de": null, "name_nl": null, "name_da": null, "name_hu": null, "name_sv": null, "name_fr": null, "name_it": null, "name_tr": null, "name_pt_br": null, "created": "2018-10-22T12:23:30.382Z"}}, {"model": "openbook_common.language", "pk": 31, "fields": {"code": "ber", "name": "Berber", "name_es": null, "name_en": "Berber", "name_de": null, "name_nl": null, "name_da": null, "name_hu": null, "name_sv": null, "name_fr": null, "name_it": null, "name_tr": null, "name_pt_br": null, "created": "2018-10-22T12:23:30.382Z"}}, {"model": "openbook_common.language", "pk": 32, "fields": {"code": "bh", "name": "Bihari", "name_es": null, "name_en": "Bihari", "name_de": null, "name_nl": null, "name_da": null, "name_hu": null, "name_sv": null, "name_fr": null, "name_it": null, "name_tr": null, "name_pt_br": null, "created": "2018-10-22T12:23:30.382Z"}}, {"model": "openbook_common.language", "pk": 33, "fields": {"code": "bfo", "name": "Birifor", "name_es": null, "name_en": "Birifor", "name_de": null, "name_nl": null, "name_da": null, "name_hu": null, "name_sv": null, "name_fr": null, "name_it": null, "name_tr": null, "name_pt_br": null, "created": "2018-10-22T12:23:30.382Z"}}, {"model": "openbook_common.language", "pk": 34, "fields": {"code": "bi", "name": "Bislama", "name_es": null, "name_en": "Bislama", "name_de": null, "name_nl": null, "name_da": null, "name_hu": null, "name_sv": null, "name_fr": null, "name_it": null, "name_tr": null, "name_pt_br": null, "created": "2018-10-22T12:23:30.382Z"}}, {"model": "openbook_common.language", "pk": 35, "fields": {"code": "bs", "name": "Bosnian", "name_es": null, "name_en": "Bosnian", "name_de": null, "name_nl": null, "name_da": null, "name_hu": null, "name_sv": null, "name_fr": null, "name_it": null, "name_tr": null, "name_pt_br": null, "created": "2018-10-22T12:23:30.382Z"}}, {"model": "openbook_common.language", "pk": 36, "fields": {"code": "br-FR", "name": "Breton", "name_es": null, "name_en": "Breton", "name_de": null, "name_nl": null, "name_da": null, "name_hu": null, "name_sv": null, "name_fr": null, "name_it": null, "name_tr": null, "name_pt_br": null, "created": "2018-10-22T12:23:30.382Z"}}, {"model": "openbook_common.language", "pk": 37, "fields": {"code": "bg", "name": "Bulgarian", "name_es": null, "name_en": "Bulgarian", "name_de": null, "name_nl": null, "name_da": null, "name_hu": null, "name_sv": null, "name_fr": null, "name_it": null, "name_tr": null, "name_pt_br": null, "created": "2018-10-22T12:23:30.382Z"}}, {"model": "openbook_common.language", "pk": 38, "fields": {"code": "my", "name": "Burmese", "name_es": null, "name_en": "Burmese", "name_de": null, "name_nl": null, "name_da": null, "name_hu": null, "name_sv": null, "name_fr": null, "name_it": null, "name_tr": null, "name_pt_br": null, "created": "2018-10-22T12:23:30.382Z"}}, {"model": "openbook_common.language", "pk": 39, "fields": {"code": "ca", "name": "Catalan", "name_es": null, "name_en": "Catalan", "name_de": null, "name_nl": null, "name_da": null, "name_hu": null, "name_sv": null, "name_fr": null, "name_it": null, "name_tr": null, "name_pt_br": null, "created": "2018-10-22T12:23:30.382Z"}}, {"model": "openbook_common.language", "pk": 40, "fields": {"code": "ceb", "name": "Cebuano", "name_es": null, "name_en": "Cebuano", "name_de": null, "name_nl": null, "name_da": null, "name_hu": null, "name_sv": null, "name_fr": null, "name_it": null, "name_tr": null, "name_pt_br": null, "created": "2018-10-22T12:23:30.382Z"}}, {"model": "openbook_common.language", "pk": 41, "fields": {"code": "ch", "name": "Chamorro", "name_es": null, "name_en": "Chamorro", "name_de": null, "name_nl": null, "name_da": null, "name_hu": null, "name_sv": null, "name_fr": null, "name_it": null, "name_tr": null, "name_pt_br": null, "created": "2018-10-22T12:23:30.382Z"}}, {"model": "openbook_common.language", "pk": 42, "fields": {"code": "ce", "name": "Chechen", "name_es": null, "name_en": "Chechen", "name_de": null, "name_nl": null, "name_da": null, "name_hu": null, "name_sv": null, "name_fr": null, "name_it": null, "name_tr": null, "name_pt_br": null, "created": "2018-10-22T12:23:30.382Z"}}, {"model": "openbook_common.language", "pk": 43, "fields": {"code": "chr", "name": "Cherokee", "name_es": null, "name_en": "Cherokee", "name_de": null, "name_nl": null, "name_da": null, "name_hu": null, "name_sv": null, "name_fr": null, "name_it": null, "name_tr": null, "name_pt_br": null, "created": "2018-10-22T12:23:30.382Z"}}, {"model": "openbook_common.language", "pk": 44, "fields": {"code": "ny", "name": "Chewa", "name_es": null, "name_en": "Chewa", "name_de": null, "name_nl": null, "name_da": null, "name_hu": null, "name_sv": null, "name_fr": null, "name_it": null, "name_tr": null, "name_pt_br": null, "created": "2018-10-22T12:23:30.382Z"}}, {"model": "openbook_common.language", "pk": 45, "fields": {"code": "zh-CN", "name": "Chinese Simplified", "name_es": null, "name_en": "Chinese Simplified", "name_de": null, "name_nl": null, "name_da": null, "name_hu": null, "name_sv": null, "name_fr": null, "name_it": null, "name_tr": null, "name_pt_br": null, "created": "2018-10-22T12:23:30.382Z"}}, {"model": "openbook_common.language", "pk": 46, "fields": {"code": "zh-TW", "name": "Chinese Traditional", "name_es": null, "name_en": "Chinese Traditional", "name_de": null, "name_nl": null, "name_da": null, "name_hu": null, "name_sv": null, "name_fr": null, "name_it": null, "name_tr": null, "name_pt_br": null, "created": "2018-10-22T12:23:30.382Z"}}, {"model": "openbook_common.language", "pk": 47, "fields": {"code": "zh-HK", "name": "Chinese Traditional, Hong Kong", "name_es": null, "name_en": "Chinese Traditional, Hong Kong", "name_de": null, "name_nl": null, "name_da": null, "name_hu": null, "name_sv": null, "name_fr": null, "name_it": null, "name_tr": null, "name_pt_br": null, "created": "2018-10-22T12:23:30.382Z"}}, {"model": "openbook_common.language", "pk": 48, "fields": {"code": "zh-MO", "name": "Chinese Traditional, Macau", "name_es": null, "name_en": "Chinese Traditional, Macau", "name_de": null, "name_nl": null, "name_da": null, "name_hu": null, "name_sv": null, "name_fr": null, "name_it": null, "name_tr": null, "name_pt_br": null, "created": "2018-10-22T12:23:30.382Z"}}, {"model": "openbook_common.language", "pk": 49, "fields": {"code": "zh-SG", "name": "Chinese Traditional, Singapore", "name_es": null, "name_en": "Chinese Traditional, Singapore", "name_de": null, "name_nl": null, "name_da": null, "name_hu": null, "name_sv": null, "name_fr": null, "name_it": null, "name_tr": null, "name_pt_br": null, "created": "2018-10-22T12:23:30.382Z"}}, {"model": "openbook_common.language", "pk": 50, "fields": {"code": "cv", "name": "Chuvash", "name_es": null, "name_en": "Chuvash", "name_de": null, "name_nl": null, "name_da": null, "name_hu": null, "name_sv": null, "name_fr": null, "name_it": null, "name_tr": null, "name_pt_br": null, "created": "2018-10-22T12:23:30.382Z"}}, {"model": "openbook_common.language", "pk": 51, "fields": {"code": "kw", "name": "Cornish", "name_es": null, "name_en": "Cornish", "name_de": null, "name_nl": null, "name_da": null, "name_hu": null, "name_sv": null, "name_fr": null, "name_it": null, "name_tr": null, "name_pt_br": null, "created": "2018-10-22T12:23:30.382Z"}}, {"model": "openbook_common.language", "pk": 52, "fields": {"code": "co", "name": "Corsican", "name_es": null, "name_en": "Corsican", "name_de": null, "name_nl": null, "name_da": null, "name_hu": null, "name_sv": null, "name_fr": null, "name_it": null, "name_tr": null, "name_pt_br": null, "created": "2018-10-22T12:23:30.382Z"}}, {"model": "openbook_common.language", "pk": 53, "fields": {"code": "cr", "name": "Cree", "name_es": null, "name_en": "Cree", "name_de": null, "name_nl": null, "name_da": null, "name_hu": null, "name_sv": null, "name_fr": null, "name_it": null, "name_tr": null, "name_pt_br": null, "created": "2018-10-22T12:23:30.382Z"}}, {"model": "openbook_common.language", "pk": 54, "fields": {"code": "hr", "name": "Croatian", "name_es": null, "name_en": "Croatian", "name_de": null, "name_nl": null, "name_da": null, "name_hu": null, "name_sv": null, "name_fr": null, "name_it": null, "name_tr": null, "name_pt_br": null, "created": "2018-10-22T12:23:30.382Z"}}, {"model": "openbook_common.language", "pk": 55, "fields": {"code": "cs", "name": "Czech", "name_es": null, "name_en": "Czech", "name_de": null, "name_nl": null, "name_da": null, "name_hu": null, "name_sv": null, "name_fr": null, "name_it": null, "name_tr": null, "name_pt_br": null, "created": "2018-10-22T12:23:30.382Z"}}, {"model": "openbook_common.language", "pk": 56, "fields": {"code": "da", "name": "Danish", "name_es": null, "name_en": "Danish", "name_de": null, "name_nl": null, "name_da": null, "name_hu": null, "name_sv": null, "name_fr": null, "name_it": null, "name_tr": null, "name_pt_br": null, "created": "2018-10-22T12:23:30.382Z"}}, {"model": "openbook_common.language", "pk": 57, "fields": {"code": "fa-AF", "name": "Dari", "name_es": null, "name_en": "Dari", "name_de": null, "name_nl": null, "name_da": null, "name_hu": null, "name_sv": null, "name_fr": null, "name_it": null, "name_tr": null, "name_pt_br": null, "created": "2018-10-22T12:23:30.382Z"}}, {"model": "openbook_common.language", "pk": 58, "fields": {"code": "dv", "name": "Dhivehi", "name_es": null, "name_en": "Dhivehi", "name_de": null, "name_nl": null, "name_da": null, "name_hu": null, "name_sv": null, "name_fr": null, "name_it": null, "name_tr": null, "name_pt_br": null, "created": "2018-10-22T12:23:30.382Z"}}, {"model": "openbook_common.language", "pk": 59, "fields": {"code": "nl", "name": "Dutch", "name_es": null, "name_en": "Dutch", "name_de": null, "name_nl": null, "name_da": null, "name_hu": null, "name_sv": null, "name_fr": null, "name_it": null, "name_tr": null, "name_pt_br": null, "created": "2018-10-22T12:23:30.382Z"}}, {"model": "openbook_common.language", "pk": 60, "fields": {"code": "nl-BE", "name": "Dutch, Belgium", "name_es": null, "name_en": "Dutch, Belgium", "name_de": null, "name_nl": null, "name_da": null, "name_hu": null, "name_sv": null, "name_fr": null, "name_it": null, "name_tr": null, "name_pt_br": null, "created": "2018-10-22T12:23:30.382Z"}}, {"model": "openbook_common.language", "pk": 61, "fields": {"code": "nl-SR", "name": "Dutch, Suriname", "name_es": null, "name_en": "Dutch, Suriname", "name_de": null, "name_nl": null, "name_da": null, "name_hu": null, "name_sv": null, "name_fr": null, "name_it": null, "name_tr": null, "name_pt_br": null, "created": "2018-10-22T12:23:30.382Z"}}, {"model": "openbook_common.language", "pk": 62, "fields": {"code": "dz", "name": "Dzongkha", "name_es": null, "name_en": "Dzongkha", "name_de": null, "name_nl": null, "name_da": null, "name_hu": null, "name_sv": null, "name_fr": null, "name_it": null, "name_tr": null, "name_pt_br": null, "created": "2018-10-22T12:23:30.382Z"}}, {"model": "openbook_common.language", "pk": 63, "fields": {"code": "en", "name": "English", "name_es": null, "name_en": "English", "name_de": null, "name_nl": null, "name_da": null, "name_hu": null, "name_sv": null, "name_fr": null, "name_it": null, "name_tr": null, "name_pt_br": null, "created": "2018-10-22T12:23:30.382Z"}}, {"model": "openbook_common.language", "pk": 64, "fields": {"code": "en-UD", "name": "English (upside down)", "name_es": null, "name_en": "English (upside down)", "name_de": null, "name_nl": null, "name_da": null, "name_hu": null, "name_sv": null, "name_fr": null, "name_it": null, "name_tr": null, "name_pt_br": null, "created": "2018-10-22T12:23:30.382Z"}}, {"model": "openbook_common.language", "pk": 65, "fields": {"code": "en-AR", "name": "English, Arabia", "name_es": null, "name_en": "English, Arabia", "name_de": null, "name_nl": null, "name_da": null, "name_hu": null, "name_sv": null, "name_fr": null, "name_it": null, "name_tr": null, "name_pt_br": null, "created": "2018-10-22T12:23:30.382Z"}}, {"model": "openbook_common.language", "pk": 66, "fields": {"code": "en-AU", "name": "English, Australia", "name_es": null, "name_en": "English, Australia", "name_de": null, "name_nl": null, "name_da": null, "name_hu": null, "name_sv": null, "name_fr": null, "name_it": null, "name_tr": null, "name_pt_br": null, "created": "2018-10-22T12:23:30.382Z"}}, {"model": "openbook_common.language", "pk": 67, "fields": {"code": "en-BZ", "name": "English, Belize", "name_es": null, "name_en": "English, Belize", "name_de": null, "name_nl": null, "name_da": null, "name_hu": null, "name_sv": null, "name_fr": null, "name_it": null, "name_tr": null, "name_pt_br": null, "created": "2018-10-22T12:23:30.382Z"}}, {"model": "openbook_common.language", "pk": 68, "fields": {"code": "en-CA", "name": "English, Canada", "name_es": null, "name_en": "English, Canada", "name_de": null, "name_nl": null, "name_da": null, "name_hu": null, "name_sv": null, "name_fr": null, "name_it": null, "name_tr": null, "name_pt_br": null, "created": "2018-10-22T12:23:30.382Z"}}, {"model": "openbook_common.language", "pk": 69, "fields": {"code": "en-CB", "name": "English, Caribbean", "name_es": null, "name_en": "English, Caribbean", "name_de": null, "name_nl": null, "name_da": null, "name_hu": null, "name_sv": null, "name_fr": null, "name_it": null, "name_tr": null, "name_pt_br": null, "created": "2018-10-22T12:23:30.382Z"}}, {"model": "openbook_common.language", "pk": 70, "fields": {"code": "en-CN", "name": "English, China", "name_es": null, "name_en": "English, China", "name_de": null, "name_nl": null, "name_da": null, "name_hu": null, "name_sv": null, "name_fr": null, "name_it": null, "name_tr": null, "name_pt_br": null, "created": "2018-10-22T12:23:30.382Z"}}, {"model": "openbook_common.language", "pk": 71, "fields": {"code": "en-DK", "name": "English, Denmark", "name_es": null, "name_en": "English, Denmark", "name_de": null, "name_nl": null, "name_da": null, "name_hu": null, "name_sv": null, "name_fr": null, "name_it": null, "name_tr": null, "name_pt_br": null, "created": "2018-10-22T12:23:30.382Z"}}, {"model": "openbook_common.language", "pk": 72, "fields": {"code": "en-HK", "name": "English, Hong Kong", "name_es": null, "name_en": "English, Hong Kong", "name_de": null, "name_nl": null, "name_da": null, "name_hu": null, "name_sv": null, "name_fr": null, "name_it": null, "name_tr": null, "name_pt_br": null, "created": "2018-10-22T12:23:30.382Z"}}, {"model": "openbook_common.language", "pk": 73, "fields": {"code": "en-IN", "name": "English, India", "name_es": null, "name_en": "English, India", "name_de": null, "name_nl": null, "name_da": null, "name_hu": null, "name_sv": null, "name_fr": null, "name_it": null, "name_tr": null, "name_pt_br": null, "created": "2018-10-22T12:23:30.382Z"}}, {"model": "openbook_common.language", "pk": 74, "fields": {"code": "en-ID", "name": "English, Indonesia", "name_es": null, "name_en": "English, Indonesia", "name_de": null, "name_nl": null, "name_da": null, "name_hu": null, "name_sv": null, "name_fr": null, "name_it": null, "name_tr": null, "name_pt_br": null, "created": "2018-10-22T12:23:30.382Z"}}, {"model": "openbook_common.language", "pk": 75, "fields": {"code": "en-IE", "name": "English, Ireland", "name_es": null, "name_en": "English, Ireland", "name_de": null, "name_nl": null, "name_da": null, "name_hu": null, "name_sv": null, "name_fr": null, "name_it": null, "name_tr": null, "name_pt_br": null, "created": "2018-10-22T12:23:30.382Z"}}, {"model": "openbook_common.language", "pk": 76, "fields": {"code": "en-JM", "name": "English, Jamaica", "name_es": null, "name_en": "English, Jamaica", "name_de": null, "name_nl": null, "name_da": null, "name_hu": null, "name_sv": null, "name_fr": null, "name_it": null, "name_tr": null, "name_pt_br": null, "created": "2018-10-22T12:23:30.382Z"}}, {"model": "openbook_common.language", "pk": 77, "fields": {"code": "en-JA", "name": "English, Japan", "name_es": null, "name_en": "English, Japan", "name_de": null, "name_nl": null, "name_da": null, "name_hu": null, "name_sv": null, "name_fr": null, "name_it": null, "name_tr": null, "name_pt_br": null, "created": "2018-10-22T12:23:30.382Z"}}, {"model": "openbook_common.language", "pk": 78, "fields": {"code": "en-MY", "name": "English, Malaysia", "name_es": null, "name_en": "English, Malaysia", "name_de": null, "name_nl": null, "name_da": null, "name_hu": null, "name_sv": null, "name_fr": null, "name_it": null, "name_tr": null, "name_pt_br": null, "created": "2018-10-22T12:23:30.382Z"}}, {"model": "openbook_common.language", "pk": 79, "fields": {"code": "en-NZ", "name": "English, New Zealand", "name_es": null, "name_en": "English, New Zealand", "name_de": null, "name_nl": null, "name_da": null, "name_hu": null, "name_sv": null, "name_fr": null, "name_it": null, "name_tr": null, "name_pt_br": null, "created": "2018-10-22T12:23:30.382Z"}}, {"model": "openbook_common.language", "pk": 80, "fields": {"code": "en-NO", "name": "English, Norway", "name_es": null, "name_en": "English, Norway", "name_de": null, "name_nl": null, "name_da": null, "name_hu": null, "name_sv": null, "name_fr": null, "name_it": null, "name_tr": null, "name_pt_br": null, "created": "2018-10-22T12:23:30.382Z"}}, {"model": "openbook_common.language", "pk": 81, "fields": {"code": "en-PH", "name": "English, Philippines", "name_es": null, "name_en": "English, Philippines", "name_de": null, "name_nl": null, "name_da": null, "name_hu": null, "name_sv": null, "name_fr": null, "name_it": null, "name_tr": null, "name_pt_br": null, "created": "2018-10-22T12:23:30.382Z"}}, {"model": "openbook_common.language", "pk": 82, "fields": {"code": "en-PR", "name": "English, Puerto Rico", "name_es": null, "name_en": "English, Puerto Rico", "name_de": null, "name_nl": null, "name_da": null, "name_hu": null, "name_sv": null, "name_fr": null, "name_it": null, "name_tr": null, "name_pt_br": null, "created": "2018-10-22T12:23:30.382Z"}}, {"model": "openbook_common.language", "pk": 83, "fields": {"code": "en-SG", "name": "English, Singapore", "name_es": null, "name_en": "English, Singapore", "name_de": null, "name_nl": null, "name_da": null, "name_hu": null, "name_sv": null, "name_fr": null, "name_it": null, "name_tr": null, "name_pt_br": null, "created": "2018-10-22T12:23:30.382Z"}}, {"model": "openbook_common.language", "pk": 84, "fields": {"code": "en-ZA", "name": "English, South Africa", "name_es": null, "name_en": "English, South Africa", "name_de": null, "name_nl": null, "name_da": null, "name_hu": null, "name_sv": null, "name_fr": null, "name_it": null, "name_tr": null, "name_pt_br": null, "created": "2018-10-22T12:23:30.382Z"}}, {"model": "openbook_common.language", "pk": 85, "fields": {"code": "en-SE", "name": "English, Sweden", "name_es": null, "name_en": "English, Sweden", "name_de": null, "name_nl": null, "name_da": null, "name_hu": null, "name_sv": null, "name_fr": null, "name_it": null, "name_tr": null, "name_pt_br": null, "created": "2018-10-22T12:23:30.382Z"}}, {"model": "openbook_common.language", "pk": 86, "fields": {"code": "en-GB", "name": "English, United Kingdom", "name_es": null, "name_en": "English, United Kingdom", "name_de": null, "name_nl": null, "name_da": null, "name_hu": null, "name_sv": null, "name_fr": null, "name_it": null, "name_tr": null, "name_pt_br": null, "created": "2018-10-22T12:23:30.382Z"}}, {"model": "openbook_common.language", "pk": 87, "fields": {"code": "en-US", "name": "English, United States", "name_es": null, "name_en": "English, United States", "name_de": null, "name_nl": null, "name_da": null, "name_hu": null, "name_sv": null, "name_fr": null, "name_it": null, "name_tr": null, "name_pt_br": null, "created": "2018-10-22T12:23:30.382Z"}}, {"model": "openbook_common.language", "pk": 88, "fields": {"code": "en-ZW", "name": "English, Zimbabwe", "name_es": null, "name_en": "English, Zimbabwe", "name_de": null, "name_nl": null, "name_da": null, "name_hu": null, "name_sv": null, "name_fr": null, "name_it": null, "name_tr": null, "name_pt_br": null, "created": "2018-10-22T12:23:30.382Z"}}, {"model": "openbook_common.language", "pk": 89, "fields": {"code": "eo", "name": "Esperanto", "name_es": null, "name_en": "Esperanto", "name_de": null, "name_nl": null, "name_da": null, "name_hu": null, "name_sv": null, "name_fr": null, "name_it": null, "name_tr": null, "name_pt_br": null, "created": "2018-10-22T12:23:30.382Z"}}, {"model": "openbook_common.language", "pk": 90, "fields": {"code": "et", "name": "Estonian", "name_es": null, "name_en": "Estonian", "name_de": null, "name_nl": null, "name_da": null, "name_hu": null, "name_sv": null, "name_fr": null, "name_it": null, "name_tr": null, "name_pt_br": null, "created": "2018-10-22T12:23:30.382Z"}}, {"model": "openbook_common.language", "pk": 91, "fields": {"code": "ee", "name": "Ewe", "name_es": null, "name_en": "Ewe", "name_de": null, "name_nl": null, "name_da": null, "name_hu": null, "name_sv": null, "name_fr": null, "name_it": null, "name_tr": null, "name_pt_br": null, "created": "2018-10-22T12:23:30.382Z"}}, {"model": "openbook_common.language", "pk": 92, "fields": {"code": "fo", "name": "Faroese", "name_es": null, "name_en": "Faroese", "name_de": null, "name_nl": null, "name_da": null, "name_hu": null, "name_sv": null, "name_fr": null, "name_it": null, "name_tr": null, "name_pt_br": null, "created": "2018-10-22T12:23:30.382Z"}}, {"model": "openbook_common.language", "pk": 93, "fields": {"code": "fj", "name": "Fijian", "name_es": null, "name_en": "Fijian", "name_de": null, "name_nl": null, "name_da": null, "name_hu": null, "name_sv": null, "name_fr": null, "name_it": null, "name_tr": null, "name_pt_br": null, "created": "2018-10-22T12:23:30.382Z"}}, {"model": "openbook_common.language", "pk": 94, "fields": {"code": "fil", "name": "Filipino", "name_es": null, "name_en": "Filipino", "name_de": null, "name_nl": null, "name_da": null, "name_hu": null, "name_sv": null, "name_fr": null, "name_it": null, "name_tr": null, "name_pt_br": null, "created": "2018-10-22T12:23:30.382Z"}}, {"model": "openbook_common.language", "pk": 95, "fields": {"code": "fi", "name": "Finnish", "name_es": null, "name_en": "Finnish", "name_de": null, "name_nl": null, "name_da": null, "name_hu": null, "name_sv": null, "name_fr": null, "name_it": null, "name_tr": null, "name_pt_br": null, "created": "2018-10-22T12:23:30.382Z"}}, {"model": "openbook_common.language", "pk": 96, "fields": {"code": "vls-BE", "name": "Flemish", "name_es": null, "name_en": "Flemish", "name_de": null, "name_nl": null, "name_da": null, "name_hu": null, "name_sv": null, "name_fr": null, "name_it": null, "name_tr": null, "name_pt_br": null, "created": "2018-10-22T12:23:30.382Z"}}, {"model": "openbook_common.language", "pk": 97, "fields": {"code": "fra-DE", "name": "Franconian", "name_es": null, "name_en": "Franconian", "name_de": null, "name_nl": null, "name_da": null, "name_hu": null, "name_sv": null, "name_fr": null, "name_it": null, "name_tr": null, "name_pt_br": null, "created": "2018-10-22T12:23:30.382Z"}}, {"model": "openbook_common.language", "pk": 98, "fields": {"code": "fr", "name": "French", "name_es": null, "name_en": "French", "name_de": null, "name_nl": null, "name_da": null, "name_hu": null, "name_sv": null, "name_fr": null, "name_it": null, "name_tr": null, "name_pt_br": null, "created": "2018-10-22T12:23:30.382Z"}}, {"model": "openbook_common.language", "pk": 99, "fields": {"code": "fr-BE", "name": "French, Belgium", "name_es": null, "name_en": "French, Belgium", "name_de": null, "name_nl": null, "name_da": null, "name_hu": null, "name_sv": null, "name_fr": null, "name_it": null, "name_tr": null, "name_pt_br": null, "created": "2018-10-22T12:23:30.382Z"}}, {"model": "openbook_common.language", "pk": 100, "fields": {"code": "fr-CA", "name": "French, Canada", "name_es": null, "name_en": "French, Canada", "name_de": null, "name_nl": null, "name_da": null, "name_hu": null, "name_sv": null, "name_fr": null, "name_it": null, "name_tr": null, "name_pt_br": null, "created": "2018-10-22T12:23:30.382Z"}}, {"model": "openbook_common.language", "pk": 101, "fields": {"code": "fr-LU", "name": "French, Luxembourg", "name_es": null, "name_en": "French, Luxembourg", "name_de": null, "name_nl": null, "name_da": null, "name_hu": null, "name_sv": null, "name_fr": null, "name_it": null, "name_tr": null, "name_pt_br": null, "created": "2018-10-22T12:23:30.382Z"}}, {"model": "openbook_common.language", "pk": 102, "fields": {"code": "fr-QC", "name": "French, Quebec", "name_es": null, "name_en": "French, Quebec", "name_de": null, "name_nl": null, "name_da": null, "name_hu": null, "name_sv": null, "name_fr": null, "name_it": null, "name_tr": null, "name_pt_br": null, "created": "2018-10-22T12:23:30.382Z"}}, {"model": "openbook_common.language", "pk": 103, "fields": {"code": "fr-CH", "name": "French, Switzerland", "name_es": null, "name_en": "French, Switzerland", "name_de": null, "name_nl": null, "name_da": null, "name_hu": null, "name_sv": null, "name_fr": null, "name_it": null, "name_tr": null, "name_pt_br": null, "created": "2018-10-22T12:23:30.382Z"}}, {"model": "openbook_common.language", "pk": 104, "fields": {"code": "fy-NL", "name": "Frisian", "name_es": null, "name_en": "Frisian", "name_de": null, "name_nl": null, "name_da": null, "name_hu": null, "name_sv": null, "name_fr": null, "name_it": null, "name_tr": null, "name_pt_br": null, "created": "2018-10-22T12:23:30.382Z"}}, {"model": "openbook_common.language", "pk": 105, "fields": {"code": "fur-IT", "name": "Friulian", "name_es": null, "name_en": "Friulian", "name_de": null, "name_nl": null, "name_da": null, "name_hu": null, "name_sv": null, "name_fr": null, "name_it": null, "name_tr": null, "name_pt_br": null, "created": "2018-10-22T12:23:30.382Z"}}, {"model": "openbook_common.language", "pk": 106, "fields": {"code": "ff", "name": "Fula", "name_es": null, "name_en": "Fula", "name_de": null, "name_nl": null, "name_da": null, "name_hu": null, "name_sv": null, "name_fr": null, "name_it": null, "name_tr": null, "name_pt_br": null, "created": "2018-10-22T12:23:30.382Z"}}, {"model": "openbook_common.language", "pk": 107, "fields": {"code": "gaa", "name": "Ga", "name_es": null, "name_en": "Ga", "name_de": null, "name_nl": null, "name_da": null, "name_hu": null, "name_sv": null, "name_fr": null, "name_it": null, "name_tr": null, "name_pt_br": null, "created": "2018-10-22T12:23:30.382Z"}}, {"model": "openbook_common.language", "pk": 108, "fields": {"code": "gl", "name": "Galician", "name_es": null, "name_en": "Galician", "name_de": null, "name_nl": null, "name_da": null, "name_hu": null, "name_sv": null, "name_fr": null, "name_it": null, "name_tr": null, "name_pt_br": null, "created": "2018-10-22T12:23:30.382Z"}}, {"model": "openbook_common.language", "pk": 109, "fields": {"code": "ka", "name": "Georgian", "name_es": null, "name_en": "Georgian", "name_de": null, "name_nl": null, "name_da": null, "name_hu": null, "name_sv": null, "name_fr": null, "name_it": null, "name_tr": null, "name_pt_br": null, "created": "2018-10-22T12:23:30.382Z"}}, {"model": "openbook_common.language", "pk": 110, "fields": {"code": "de", "name": "German", "name_es": null, "name_en": "German", "name_de": null, "name_nl": null, "name_da": null, "name_hu": null, "name_sv": null, "name_fr": null, "name_it": null, "name_tr": null, "name_pt_br": null, "created": "2018-10-22T12:23:30.382Z"}}, {"model": "openbook_common.language", "pk": 111, "fields": {"code": "de-AT", "name": "German, Austria", "name_es": null, "name_en": "German, Austria", "name_de": null, "name_nl": null, "name_da": null, "name_hu": null, "name_sv": null, "name_fr": null, "name_it": null, "name_tr": null, "name_pt_br": null, "created": "2018-10-22T12:23:30.382Z"}}, {"model": "openbook_common.language", "pk": 112, "fields": {"code": "de-BE", "name": "German, Belgium", "name_es": null, "name_en": "German, Belgium", "name_de": null, "name_nl": null, "name_da": null, "name_hu": null, "name_sv": null, "name_fr": null, "name_it": null, "name_tr": null, "name_pt_br": null, "created": "2018-10-22T12:23:30.382Z"}}, {"model": "openbook_common.language", "pk": 113, "fields": {"code": "de-LI", "name": "German, Liechtenstein", "name_es": null, "name_en": "German, Liechtenstein", "name_de": null, "name_nl": null, "name_da": null, "name_hu": null, "name_sv": null, "name_fr": null, "name_it": null, "name_tr": null, "name_pt_br": null, "created": "2018-10-22T12:23:30.382Z"}}, {"model": "openbook_common.language", "pk": 114, "fields": {"code": "de-LU", "name": "German, Luxembourg", "name_es": null, "name_en": "German, Luxembourg", "name_de": null, "name_nl": null, "name_da": null, "name_hu": null, "name_sv": null, "name_fr": null, "name_it": null, "name_tr": null, "name_pt_br": null, "created": "2018-10-22T12:23:30.382Z"}}, {"model": "openbook_common.language", "pk": 115, "fields": {"code": "de-CH", "name": "German, Switzerland", "name_es": null, "name_en": "German, Switzerland", "name_de": null, "name_nl": null, "name_da": null, "name_hu": null, "name_sv": null, "name_fr": null, "name_it": null, "name_tr": null, "name_pt_br": null, "created": "2018-10-22T12:23:30.382Z"}}, {"model": "openbook_common.language", "pk": 116, "fields": {"code": "got", "name": "Gothic", "name_es": null, "name_en": "Gothic", "name_de": null, "name_nl": null, "name_da": null, "name_hu": null, "name_sv": null, "name_fr": null, "name_it": null, "name_tr": null, "name_pt_br": null, "created": "2018-10-22T12:23:30.382Z"}}, {"model": "openbook_common.language", "pk": 117, "fields": {"code": "el", "name": "Greek", "name_es": null, "name_en": "Greek", "name_de": null, "name_nl": null, "name_da": null, "name_hu": null, "name_sv": null, "name_fr": null, "name_it": null, "name_tr": null, "name_pt_br": null, "created": "2018-10-22T12:23:30.382Z"}}, {"model": "openbook_common.language", "pk": 118, "fields": {"code": "el-CY", "name": "Greek, Cyprus", "name_es": null, "name_en": "Greek, Cyprus", "name_de": null, "name_nl": null, "name_da": null, "name_hu": null, "name_sv": null, "name_fr": null, "name_it": null, "name_tr": null, "name_pt_br": null, "created": "2018-10-22T12:23:30.382Z"}}, {"model": "openbook_common.language", "pk": 119, "fields": {"code": "kl", "name": "Greenlandic", "name_es": null, "name_en": "Greenlandic", "name_de": null, "name_nl": null, "name_da": null, "name_hu": null, "name_sv": null, "name_fr": null, "name_it": null, "name_tr": null, "name_pt_br": null, "created": "2018-10-22T12:23:30.382Z"}}, {"model": "openbook_common.language", "pk": 120, "fields": {"code": "gn", "name": "Guarani", "name_es": null, "name_en": "Guarani", "name_de": null, "name_nl": null, "name_da": null, "name_hu": null, "name_sv": null, "name_fr": null, "name_it": null, "name_tr": null, "name_pt_br": null, "created": "2018-10-22T12:23:30.382Z"}}, {"model": "openbook_common.language", "pk": 121, "fields": {"code": "gu-IN", "name": "Gujarati", "name_es": null, "name_en": "Gujarati", "name_de": null, "name_nl": null, "name_da": null, "name_hu": null, "name_sv": null, "name_fr": null, "name_it": null, "name_tr": null, "name_pt_br": null, "created": "2018-10-22T12:23:30.382Z"}}, {"model": "openbook_common.language", "pk": 122, "fields": {"code": "ht", "name": "Haitian Creole", "name_es": null, "name_en": "Haitian Creole", "name_de": null, "name_nl": null, "name_da": null, "name_hu": null, "name_sv": null, "name_fr": null, "name_it": null, "name_tr": null, "name_pt_br": null, "created": "2018-10-22T12:23:30.382Z"}}, {"model": "openbook_common.language", "pk": 123, "fields": {"code": "ha", "name": "Hausa", "name_es": null, "name_en": "Hausa", "name_de": null, "name_nl": null, "name_da": null, "name_hu": null, "name_sv": null, "name_fr": null, "name_it": null, "name_tr": null, "name_pt_br": null, "created": "2018-10-22T12:23:30.382Z"}}, {"model": "openbook_common.language", "pk": 124, "fields": {"code": "haw", "name": "Hawaiian", "name_es": null, "name_en": "Hawaiian", "name_de": null, "name_nl": null, "name_da": null, "name_hu": null, "name_sv": null, "name_fr": null, "name_it": null, "name_tr": null, "name_pt_br": null, "created": "2018-10-22T12:23:30.382Z"}}, {"model": "openbook_common.language", "pk": 125, "fields": {"code": "he", "name": "Hebrew", "name_es": null, "name_en": "Hebrew", "name_de": null, "name_nl": null, "name_da": null, "name_hu": null, "name_sv": null, "name_fr": null, "name_it": null, "name_tr": null, "name_pt_br": null, "created": "2018-10-22T12:23:30.382Z"}}, {"model": "openbook_common.language", "pk": 126, "fields": {"code": "hz", "name": "Herero", "name_es": null, "name_en": "Herero", "name_de": null, "name_nl": null, "name_da": null, "name_hu": null, "name_sv": null, "name_fr": null, "name_it": null, "name_tr": null, "name_pt_br": null, "created": "2018-10-22T12:23:30.382Z"}}, {"model": "openbook_common.language", "pk": 127, "fields": {"code": "hil", "name": "Hiligaynon", "name_es": null, "name_en": "Hiligaynon", "name_de": null, "name_nl": null, "name_da": null, "name_hu": null, "name_sv": null, "name_fr": null, "name_it": null, "name_tr": null, "name_pt_br": null, "created": "2018-10-22T12:23:30.382Z"}}, {"model": "openbook_common.language", "pk": 128, "fields": {"code": "hi", "name": "Hindi", "name_es": null, "name_en": "Hindi", "name_de": null, "name_nl": null, "name_da": null, "name_hu": null, "name_sv": null, "name_fr": null, "name_it": null, "name_tr": null, "name_pt_br": null, "created": "2018-10-22T12:23:30.382Z"}}, {"model": "openbook_common.language", "pk": 129, "fields": {"code": "ho", "name": "Hiri Motu", "name_es": null, "name_en": "Hiri Motu", "name_de": null, "name_nl": null, "name_da": null, "name_hu": null, "name_sv": null, "name_fr": null, "name_it": null, "name_tr": null, "name_pt_br": null, "created": "2018-10-22T12:23:30.382Z"}}, {"model": "openbook_common.language", "pk": 130, "fields": {"code": "hmn", "name": "Hmong", "name_es": null, "name_en": "Hmong", "name_de": null, "name_nl": null, "name_da": null, "name_hu": null, "name_sv": null, "name_fr": null, "name_it": null, "name_tr": null, "name_pt_br": null, "created": "2018-10-22T12:23:30.382Z"}}, {"model": "openbook_common.language", "pk": 131, "fields": {"code": "hu", "name": "Hungarian", "name_es": null, "name_en": "Hungarian", "name_de": null, "name_nl": null, "name_da": null, "name_hu": null, "name_sv": null, "name_fr": null, "name_it": null, "name_tr": null, "name_pt_br": null, "created": "2018-10-22T12:23:30.382Z"}}, {"model": "openbook_common.language", "pk": 132, "fields": {"code": "is", "name": "Icelandic", "name_es": null, "name_en": "Icelandic", "name_de": null, "name_nl": null, "name_da": null, "name_hu": null, "name_sv": null, "name_fr": null, "name_it": null, "name_tr": null, "name_pt_br": null, "created": "2018-10-22T12:23:30.382Z"}}, {"model": "openbook_common.language", "pk": 133, "fields": {"code": "ido", "name": "Ido", "name_es": null, "name_en": "Ido", "name_de": null, "name_nl": null, "name_da": null, "name_hu": null, "name_sv": null, "name_fr": null, "name_it": null, "name_tr": null, "name_pt_br": null, "created": "2018-10-22T12:23:30.382Z"}}, {"model": "openbook_common.language", "pk": 134, "fields": {"code": "ig", "name": "Igbo", "name_es": null, "name_en": "Igbo", "name_de": null, "name_nl": null, "name_da": null, "name_hu": null, "name_sv": null, "name_fr": null, "name_it": null, "name_tr": null, "name_pt_br": null, "created": "2018-10-22T12:23:30.382Z"}}, {"model": "openbook_common.language", "pk": 135, "fields": {"code": "ilo", "name": "Ilokano", "name_es": null, "name_en": "Ilokano", "name_de": null, "name_nl": null, "name_da": null, "name_hu": null, "name_sv": null, "name_fr": null, "name_it": null, "name_tr": null, "name_pt_br": null, "created": "2018-10-22T12:23:30.382Z"}}, {"model": "openbook_common.language", "pk": 136, "fields": {"code": "id", "name": "Indonesian", "name_es": null, "name_en": "Indonesian", "name_de": null, "name_nl": null, "name_da": null, "name_hu": null, "name_sv": null, "name_fr": null, "name_it": null, "name_tr": null, "name_pt_br": null, "created": "2018-10-22T12:23:30.382Z"}}, {"model": "openbook_common.language", "pk": 137, "fields": {"code": "iu", "name": "Inuktitut", "name_es": null, "name_en": "Inuktitut", "name_de": null, "name_nl": null, "name_da": null, "name_hu": null, "name_sv": null, "name_fr": null, "name_it": null, "name_tr": null, "name_pt_br": null, "created": "2018-10-22T12:23:30.382Z"}}, {"model": "openbook_common.language", "pk": 138, "fields": {"code": "ga-IE", "name": "Irish", "name_es": null, "name_en": "Irish", "name_de": null, "name_nl": null, "name_da": null, "name_hu": null, "name_sv": null, "name_fr": null, "name_it": null, "name_tr": null, "name_pt_br": null, "created": "2018-10-22T12:23:30.382Z"}}, {"model": "openbook_common.language", "pk": 139, "fields": {"code": "it", "name": "Italian", "name_es": null, "name_en": "Italian", "name_de": null, "name_nl": null, "name_da": null, "name_hu": null, "name_sv": null, "name_fr": null, "name_it": null, "name_tr": null, "name_pt_br": null, "created": "2018-10-22T12:23:30.382Z"}}, {"model": "openbook_common.language", "pk": 140, "fields": {"code": "it-CH", "name": "Italian, Switzerland", "name_es": null, "name_en": "Italian, Switzerland", "name_de": null, "name_nl": null, "name_da": null, "name_hu": null, "name_sv": null, "name_fr": null, "name_it": null, "name_tr": null, "name_pt_br": null, "created": "2018-10-22T12:23:30.382Z"}}, {"model": "openbook_common.language", "pk": 141, "fields": {"code": "ja", "name": "Japanese", "name_es": null, "name_en": "Japanese", "name_de": null, "name_nl": null, "name_da": null, "name_hu": null, "name_sv": null, "name_fr": null, "name_it": null, "name_tr": null, "name_pt_br": null, "created": "2018-10-22T12:23:30.382Z"}}, {"model": "openbook_common.language", "pk": 142, "fields": {"code": "jv", "name": "Javanese", "name_es": null, "name_en": "Javanese", "name_de": null, "name_nl": null, "name_da": null, "name_hu": null, "name_sv": null, "name_fr": null, "name_it": null, "name_tr": null, "name_pt_br": null, "created": "2018-10-22T12:23:30.382Z"}}, {"model": "openbook_common.language", "pk": 143, "fields": {"code": "quc", "name": "K'iche'", "name_es": null, "name_en": "K'iche'", "name_de": null, "name_nl": null, "name_da": null, "name_hu": null, "name_sv": null, "name_fr": null, "name_it": null, "name_tr": null, "name_pt_br": null, "created": "2018-10-22T12:23:30.382Z"}}, {"model": "openbook_common.language", "pk": 144, "fields": {"code": "kab", "name": "Kabyle", "name_es": null, "name_en": "Kabyle", "name_de": null, "name_nl": null, "name_da": null, "name_hu": null, "name_sv": null, "name_fr": null, "name_it": null, "name_tr": null, "name_pt_br": null, "created": "2018-10-22T12:23:30.382Z"}}, {"model": "openbook_common.language", "pk": 145, "fields": {"code": "kn", "name": "Kannada", "name_es": null, "name_en": "Kannada", "name_de": null, "name_nl": null, "name_da": null, "name_hu": null, "name_sv": null, "name_fr": null, "name_it": null, "name_tr": null, "name_pt_br": null, "created": "2018-10-22T12:23:30.382Z"}}, {"model": "openbook_common.language", "pk": 146, "fields": {"code": "pam", "name": "Kapampangan", "name_es": null, "name_en": "Kapampangan", "name_de": null, "name_nl": null, "name_da": null, "name_hu": null, "name_sv": null, "name_fr": null, "name_it": null, "name_tr": null, "name_pt_br": null, "created": "2018-10-22T12:23:30.382Z"}}, {"model": "openbook_common.language", "pk": 147, "fields": {"code": "ks", "name": "Kashmiri", "name_es": null, "name_en": "Kashmiri", "name_de": null, "name_nl": null, "name_da": null, "name_hu": null, "name_sv": null, "name_fr": null, "name_it": null, "name_tr": null, "name_pt_br": null, "created": "2018-10-22T12:23:30.382Z"}}, {"model": "openbook_common.language", "pk": 148, "fields": {"code": "ks-PK", "name": "Kashmiri, Pakistan", "name_es": null, "name_en": "Kashmiri, Pakistan", "name_de": null, "name_nl": null, "name_da": null, "name_hu": null, "name_sv": null, "name_fr": null, "name_it": null, "name_tr": null, "name_pt_br": null, "created": "2018-10-22T12:23:30.382Z"}}, {"model": "openbook_common.language", "pk": 149, "fields": {"code": "csb", "name": "Kashubian", "name_es": null, "name_en": "Kashubian", "name_de": null, "name_nl": null, "name_da": null, "name_hu": null, "name_sv": null, "name_fr": null, "name_it": null, "name_tr": null, "name_pt_br": null, "created": "2018-10-22T12:23:30.382Z"}}, {"model": "openbook_common.language", "pk": 150, "fields": {"code": "kk", "name": "Kazakh", "name_es": null, "name_en": "Kazakh", "name_de": null, "name_nl": null, "name_da": null, "name_hu": null, "name_sv": null, "name_fr": null, "name_it": null, "name_tr": null, "name_pt_br": null, "created": "2018-10-22T12:23:30.382Z"}}, {"model": "openbook_common.language", "pk": 151, "fields": {"code": "km", "name": "Khmer", "name_es": null, "name_en": "Khmer", "name_de": null, "name_nl": null, "name_da": null, "name_hu": null, "name_sv": null, "name_fr": null, "name_it": null, "name_tr": null, "name_pt_br": null, "created": "2018-10-22T12:23:30.382Z"}}, {"model": "openbook_common.language", "pk": 152, "fields": {"code": "rw", "name": "Kinyarwanda", "name_es": null, "name_en": "Kinyarwanda", "name_de": null, "name_nl": null, "name_da": null, "name_hu": null, "name_sv": null, "name_fr": null, "name_it": null, "name_tr": null, "name_pt_br": null, "created": "2018-10-22T12:23:30.382Z"}}, {"model": "openbook_common.language", "pk": 153, "fields": {"code": "tlh-AA", "name": "Klingon", "name_es": null, "name_en": "Klingon", "name_de": null, "name_nl": null, "name_da": null, "name_hu": null, "name_sv": null, "name_fr": null, "name_it": null, "name_tr": null, "name_pt_br": null, "created": "2018-10-22T12:23:30.382Z"}}, {"model": "openbook_common.language", "pk": 154, "fields": {"code": "kv", "name": "Komi", "name_es": null, "name_en": "Komi", "name_de": null, "name_nl": null, "name_da": null, "name_hu": null, "name_sv": null, "name_fr": null, "name_it": null, "name_tr": null, "name_pt_br": null, "created": "2018-10-22T12:23:30.382Z"}}, {"model": "openbook_common.language", "pk": 155, "fields": {"code": "kg", "name": "Kongo", "name_es": null, "name_en": "Kongo", "name_de": null, "name_nl": null, "name_da": null, "name_hu": null, "name_sv": null, "name_fr": null, "name_it": null, "name_tr": null, "name_pt_br": null, "created": "2018-10-22T12:23:30.382Z"}}, {"model": "openbook_common.language", "pk": 156, "fields": {"code": "kok", "name": "Konkani", "name_es": null, "name_en": "Konkani", "name_de": null, "name_nl": null, "name_da": null, "name_hu": null, "name_sv": null, "name_fr": null, "name_it": null, "name_tr": null, "name_pt_br": null, "created": "2018-10-22T12:23:30.382Z"}}, {"model": "openbook_common.language", "pk": 157, "fields": {"code": "ko", "name": "Korean", "name_es": null, "name_en": "Korean", "name_de": null, "name_nl": null, "name_da": null, "name_hu": null, "name_sv": null, "name_fr": null, "name_it": null, "name_tr": null, "name_pt_br": null, "created": "2018-10-22T12:23:30.382Z"}}, {"model": "openbook_common.language", "pk": 158, "fields": {"code": "ku", "name": "Kurdish", "name_es": null, "name_en": "Kurdish", "name_de": null, "name_nl": null, "name_da": null, "name_hu": null, "name_sv": null, "name_fr": null, "name_it": null, "name_tr": null, "name_pt_br": null, "created": "2018-10-22T12:23:30.382Z"}}, {"model": "openbook_common.language", "pk": 159, "fields": {"code": "kmr", "name": "Kurmanji (Kurdish)", "name_es": null, "name_en": "Kurmanji (Kurdish)", "name_de": null, "name_nl": null, "name_da": null, "name_hu": null, "name_sv": null, "name_fr": null, "name_it": null, "name_tr": null, "name_pt_br": null, "created": "2018-10-22T12:23:30.382Z"}}, {"model": "openbook_common.language", "pk": 160, "fields": {"code": "kj", "name": "Kwanyama", "name_es": null, "name_en": "Kwanyama", "name_de": null, "name_nl": null, "name_da": null, "name_hu": null, "name_sv": null, "name_fr": null, "name_it": null, "name_tr": null, "name_pt_br": null, "created": "2018-10-22T12:23:30.382Z"}}, {"model": "openbook_common.language", "pk": 161, "fields": {"code": "ky", "name": "Kyrgyz", "name_es": null, "name_en": "Kyrgyz", "name_de": null, "name_nl": null, "name_da": null, "name_hu": null, "name_sv": null, "name_fr": null, "name_it": null, "name_tr": null, "name_pt_br": null, "created": "2018-10-22T12:23:30.382Z"}}, {"model": "openbook_common.language", "pk": 162, "fields": {"code": "lol", "name": "LOLCAT", "name_es": null, "name_en": "LOLCAT", "name_de": null, "name_nl": null, "name_da": null, "name_hu": null, "name_sv": null, "name_fr": null, "name_it": null, "name_tr": null, "name_pt_br": null, "created": "2018-10-22T12:23:30.382Z"}}, {"model": "openbook_common.language", "pk": 163, "fields": {"code": "lo", "name": "Lao", "name_es": null, "name_en": "Lao", "name_de": null, "name_nl": null, "name_da": null, "name_hu": null, "name_sv": null, "name_fr": null, "name_it": null, "name_tr": null, "name_pt_br": null, "created": "2018-10-22T12:23:30.382Z"}}, {"model": "openbook_common.language", "pk": 164, "fields": {"code": "la-LA", "name": "Latin", "name_es": null, "name_en": "Latin", "name_de": null, "name_nl": null, "name_da": null, "name_hu": null, "name_sv": null, "name_fr": null, "name_it": null, "name_tr": null, "name_pt_br": null, "created": "2018-10-22T12:23:30.382Z"}}, {"model": "openbook_common.language", "pk": 165, "fields": {"code": "lv", "name": "Latvian", "name_es": null, "name_en": "Latvian", "name_de": null, "name_nl": null, "name_da": null, "name_hu": null, "name_sv": null, "name_fr": null, "name_it": null, "name_tr": null, "name_pt_br": null, "created": "2018-10-22T12:23:30.382Z"}}, {"model": "openbook_common.language", "pk": 166, "fields": {"code": "lij", "name": "Ligurian", "name_es": null, "name_en": "Ligurian", "name_de": null, "name_nl": null, "name_da": null, "name_hu": null, "name_sv": null, "name_fr": null, "name_it": null, "name_tr": null, "name_pt_br": null, "created": "2018-10-22T12:23:30.382Z"}}, {"model": "openbook_common.language", "pk": 167, "fields": {"code": "li", "name": "Limburgish", "name_es": null, "name_en": "Limburgish", "name_de": null, "name_nl": null, "name_da": null, "name_hu": null, "name_sv": null, "name_fr": null, "name_it": null, "name_tr": null, "name_pt_br": null, "created": "2018-10-22T12:23:30.382Z"}}, {"model": "openbook_common.language", "pk": 168, "fields": {"code": "ln", "name": "Lingala", "name_es": null, "name_en": "Lingala", "name_de": null, "name_nl": null, "name_da": null, "name_hu": null, "name_sv": null, "name_fr": null, "name_it": null, "name_tr": null, "name_pt_br": null, "created": "2018-10-22T12:23:30.382Z"}}, {"model": "openbook_common.language", "pk": 169, "fields": {"code": "lt", "name": "Lithuanian", "name_es": null, "name_en": "Lithuanian", "name_de": null, "name_nl": null, "name_da": null, "name_hu": null, "name_sv": null, "name_fr": null, "name_it": null, "name_tr": null, "name_pt_br": null, "created": "2018-10-22T12:23:30.382Z"}}, {"model": "openbook_common.language", "pk": 170, "fields": {"code": "jbo", "name": "Lojban", "name_es": null, "name_en": "Lojban", "name_de": null, "name_nl": null, "name_da": null, "name_hu": null, "name_sv": null, "name_fr": null, "name_it": null, "name_tr": null, "name_pt_br": null, "created": "2018-10-22T12:23:30.382Z"}}, {"model": "openbook_common.language", "pk": 171, "fields": {"code": "nds", "name": "Low German", "name_es": null, "name_en": "Low German", "name_de": null, "name_nl": null, "name_da": null, "name_hu": null, "name_sv": null, "name_fr": null, "name_it": null, "name_tr": null, "name_pt_br": null, "created": "2018-10-22T12:23:30.382Z"}}, {"model": "openbook_common.language", "pk": 172, "fields": {"code": "dsb-DE", "name": "Lower Sorbian", "name_es": null, "name_en": "Lower Sorbian", "name_de": null, "name_nl": null, "name_da": null, "name_hu": null, "name_sv": null, "name_fr": null, "name_it": null, "name_tr": null, "name_pt_br": null, "created": "2018-10-22T12:23:30.382Z"}}, {"model": "openbook_common.language", "pk": 173, "fields": {"code": "lg", "name": "Luganda", "name_es": null, "name_en": "Luganda", "name_de": null, "name_nl": null, "name_da": null, "name_hu": null, "name_sv": null, "name_fr": null, "name_it": null, "name_tr": null, "name_pt_br": null, "created": "2018-10-22T12:23:30.382Z"}}, {"model": "openbook_common.language", "pk": 174, "fields": {"code": "luy", "name": "Luhya", "name_es": null, "name_en": "Luhya", "name_de": null, "name_nl": null, "name_da": null, "name_hu": null, "name_sv": null, "name_fr": null, "name_it": null, "name_tr": null, "name_pt_br": null, "created": "2018-10-22T12:23:30.382Z"}}, {"model": "openbook_common.language", "pk": 175, "fields": {"code": "lb", "name": "Luxembourgish", "name_es": null, "name_en": "Luxembourgish", "name_de": null, "name_nl": null, "name_da": null, "name_hu": null, "name_sv": null, "name_fr": null, "name_it": null, "name_tr": null, "name_pt_br": null, "created": "2018-10-22T12:23:30.382Z"}}, {"model": "openbook_common.language", "pk": 176, "fields": {"code": "mk", "name": "Macedonian", "name_es": null, "name_en": "Macedonian", "name_de": null, "name_nl": null, "name_da": null, "name_hu": null, "name_sv": null, "name_fr": null, "name_it": null, "name_tr": null, "name_pt_br": null, "created": "2018-10-22T12:23:30.382Z"}}, {"model": "openbook_common.language", "pk": 177, "fields": {"code": "mai", "name": "Maithili", "name_es": null, "name_en": "Maithili", "name_de": null, "name_nl": null, "name_da": null, "name_hu": null, "name_sv": null, "name_fr": null, "name_it": null, "name_tr": null, "name_pt_br": null, "created": "2018-10-22T12:23:30.382Z"}}, {"model": "openbook_common.language", "pk": 178, "fields": {"code": "mg", "name": "Malagasy", "name_es": null, "name_en": "Malagasy", "name_de": null, "name_nl": null, "name_da": null, "name_hu": null, "name_sv": null, "name_fr": null, "name_it": null, "name_tr": null, "name_pt_br": null, "created": "2018-10-22T12:23:30.382Z"}}, {"model": "openbook_common.language", "pk": 179, "fields": {"code": "ms", "name": "Malay", "name_es": null, "name_en": "Malay", "name_de": null, "name_nl": null, "name_da": null, "name_hu": null, "name_sv": null, "name_fr": null, "name_it": null, "name_tr": null, "name_pt_br": null, "created": "2018-10-22T12:23:30.382Z"}}, {"model": "openbook_common.language", "pk": 180, "fields": {"code": "ms-BN", "name": "Malay, Brunei", "name_es": null, "name_en": "Malay, Brunei", "name_de": null, "name_nl": null, "name_da": null, "name_hu": null, "name_sv": null, "name_fr": null, "name_it": null, "name_tr": null, "name_pt_br": null, "created": "2018-10-22T12:23:30.382Z"}}, {"model": "openbook_common.language", "pk": 181, "fields": {"code": "ml-IN", "name": "Malayalam", "name_es": null, "name_en": "Malayalam", "name_de": null, "name_nl": null, "name_da": null, "name_hu": null, "name_sv": null, "name_fr": null, "name_it": null, "name_tr": null, "name_pt_br": null, "created": "2018-10-22T12:23:30.382Z"}}, {"model": "openbook_common.language", "pk": 182, "fields": {"code": "mt", "name": "Maltese", "name_es": null, "name_en": "Maltese", "name_de": null, "name_nl": null, "name_da": null, "name_hu": null, "name_sv": null, "name_fr": null, "name_it": null, "name_tr": null, "name_pt_br": null, "created": "2018-10-22T12:23:30.382Z"}}, {"model": "openbook_common.language", "pk": 183, "fields": {"code": "gv", "name": "Manx", "name_es": null, "name_en": "Manx", "name_de": null, "name_nl": null, "name_da": null, "name_hu": null, "name_sv": null, "name_fr": null, "name_it": null, "name_tr": null, "name_pt_br": null, "created": "2018-10-22T12:23:30.382Z"}}, {"model": "openbook_common.language", "pk": 184, "fields": {"code": "mi", "name": "Maori", "name_es": null, "name_en": "Maori", "name_de": null, "name_nl": null, "name_da": null, "name_hu": null, "name_sv": null, "name_fr": null, "name_it": null, "name_tr": null, "name_pt_br": null, "created": "2018-10-22T12:23:30.382Z"}}, {"model": "openbook_common.language", "pk": 185, "fields": {"code": "arn", "name": "Mapudungun", "name_es": null, "name_en": "Mapudungun", "name_de": null, "name_nl": null, "name_da": null, "name_hu": null, "name_sv": null, "name_fr": null, "name_it": null, "name_tr": null, "name_pt_br": null, "created": "2018-10-22T12:23:30.382Z"}}, {"model": "openbook_common.language", "pk": 186, "fields": {"code": "mr", "name": "Marathi", "name_es": null, "name_en": "Marathi", "name_de": null, "name_nl": null, "name_da": null, "name_hu": null, "name_sv": null, "name_fr": null, "name_it": null, "name_tr": null, "name_pt_br": null, "created": "2018-10-22T12:23:30.382Z"}}, {"model": "openbook_common.language", "pk": 187, "fields": {"code": "mh", "name": "Marshallese", "name_es": null, "name_en": "Marshallese", "name_de": null, "name_nl": null, "name_da": null, "name_hu": null, "name_sv": null, "name_fr": null, "name_it": null, "name_tr": null, "name_pt_br": null, "created": "2018-10-22T12:23:30.382Z"}}, {"model": "openbook_common.language", "pk": 188, "fields": {"code": "moh", "name": "Mohawk", "name_es": null, "name_en": "Mohawk", "name_de": null, "name_nl": null, "name_da": null, "name_hu": null, "name_sv": null, "name_fr": null, "name_it": null, "name_tr": null, "name_pt_br": null, "created": "2018-10-22T12:23:30.382Z"}}, {"model": "openbook_common.language", "pk": 189, "fields": {"code": "mn", "name": "Mongolian", "name_es": null, "name_en": "Mongolian", "name_de": null, "name_nl": null, "name_da": null, "name_hu": null, "name_sv": null, "name_fr": null, "name_it": null, "name_tr": null, "name_pt_br": null, "created": "2018-10-22T12:23:30.382Z"}}, {"model": "openbook_common.language", "pk": 190, "fields": {"code": "sr-Cyrl-ME", "name": "Montenegrin (Cyrillic)", "name_es": null, "name_en": "Montenegrin (Cyrillic)", "name_de": null, "name_nl": null, "name_da": null, "name_hu": null, "name_sv": null, "name_fr": null, "name_it": null, "name_tr": null, "name_pt_br": null, "created": "2018-10-22T12:23:30.382Z"}}, {"model": "openbook_common.language", "pk": 191, "fields": {"code": "me", "name": "Montenegrin (Latin)", "name_es": null, "name_en": "Montenegrin (Latin)", "name_de": null, "name_nl": null, "name_da": null, "name_hu": null, "name_sv": null, "name_fr": null, "name_it": null, "name_tr": null, "name_pt_br": null, "created": "2018-10-22T12:23:30.382Z"}}, {"model": "openbook_common.language", "pk": 192, "fields": {"code": "mos", "name": "Mossi", "name_es": null, "name_en": "Mossi", "name_de": null, "name_nl": null, "name_da": null, "name_hu": null, "name_sv": null, "name_fr": null, "name_it": null, "name_tr": null, "name_pt_br": null, "created": "2018-10-22T12:23:30.382Z"}}, {"model": "openbook_common.language", "pk": 193, "fields": {"code": "na", "name": "Nauru", "name_es": null, "name_en": "Nauru", "name_de": null, "name_nl": null, "name_da": null, "name_hu": null, "name_sv": null, "name_fr": null, "name_it": null, "name_tr": null, "name_pt_br": null, "created": "2018-10-22T12:23:30.382Z"}}, {"model": "openbook_common.language", "pk": 194, "fields": {"code": "ng", "name": "Ndonga", "name_es": null, "name_en": "Ndonga", "name_de": null, "name_nl": null, "name_da": null, "name_hu": null, "name_sv": null, "name_fr": null, "name_it": null, "name_tr": null, "name_pt_br": null, "created": "2018-10-22T12:23:30.382Z"}}, {"model": "openbook_common.language", "pk": 195, "fields": {"code": "ne-NP", "name": "Nepali", "name_es": null, "name_en": "Nepali", "name_de": null, "name_nl": null, "name_da": null, "name_hu": null, "name_sv": null, "name_fr": null, "name_it": null, "name_tr": null, "name_pt_br": null, "created": "2018-10-22T12:23:30.382Z"}}, {"model": "openbook_common.language", "pk": 196, "fields": {"code": "ne-IN", "name": "Nepali, India", "name_es": null, "name_en": "Nepali, India", "name_de": null, "name_nl": null, "name_da": null, "name_hu": null, "name_sv": null, "name_fr": null, "name_it": null, "name_tr": null, "name_pt_br": null, "created": "2018-10-22T12:23:30.382Z"}}, {"model": "openbook_common.language", "pk": 197, "fields": {"code": "pcm", "name": "Nigerian Pidgin", "name_es": null, "name_en": "Nigerian Pidgin", "name_de": null, "name_nl": null, "name_da": null, "name_hu": null, "name_sv": null, "name_fr": null, "name_it": null, "name_tr": null, "name_pt_br": null, "created": "2018-10-22T12:23:30.382Z"}}, {"model": "openbook_common.language", "pk": 198, "fields": {"code": "se", "name": "Northern Sami", "name_es": null, "name_en": "Northern Sami", "name_de": null, "name_nl": null, "name_da": null, "name_hu": null, "name_sv": null, "name_fr": null, "name_it": null, "name_tr": null, "name_pt_br": null, "created": "2018-10-22T12:23:30.382Z"}}, {"model": "openbook_common.language", "pk": 199, "fields": {"code": "nso", "name": "Northern Sotho", "name_es": null, "name_en": "Northern Sotho", "name_de": null, "name_nl": null, "name_da": null, "name_hu": null, "name_sv": null, "name_fr": null, "name_it": null, "name_tr": null, "name_pt_br": null, "created": "2018-10-22T12:23:30.382Z"}}, {"model": "openbook_common.language", "pk": 200, "fields": {"code": "no", "name": "Norwegian", "name_es": null, "name_en": "Norwegian", "name_de": null, "name_nl": null, "name_da": null, "name_hu": null, "name_sv": null, "name_fr": null, "name_it": null, "name_tr": null, "name_pt_br": null, "created": "2018-10-22T12:23:30.382Z"}}, {"model": "openbook_common.language", "pk": 201, "fields": {"code": "nb", "name": "Norwegian Bokmal", "name_es": null, "name_en": "Norwegian Bokmal", "name_de": null, "name_nl": null, "name_da": null, "name_hu": null, "name_sv": null, "name_fr": null, "name_it": null, "name_tr": null, "name_pt_br": null, "created": "2018-10-22T12:23:30.382Z"}}, {"model": "openbook_common.language", "pk": 202, "fields": {"code": "nn-NO", "name": "Norwegian Nynorsk", "name_es": null, "name_en": "Norwegian Nynorsk", "name_de": null, "name_nl": null, "name_da": null, "name_hu": null, "name_sv": null, "name_fr": null, "name_it": null, "name_tr": null, "name_pt_br": null, "created": "2018-10-22T12:23:30.382Z"}}, {"model": "openbook_common.language", "pk": 203, "fields": {"code": "oc", "name": "Occitan", "name_es": null, "name_en": "Occitan", "name_de": null, "name_nl": null, "name_da": null, "name_hu": null, "name_sv": null, "name_fr": null, "name_it": null, "name_tr": null, "name_pt_br": null, "created": "2018-10-22T12:23:30.382Z"}}, {"model": "openbook_common.language", "pk": 204, "fields": {"code": "oj", "name": "Ojibwe", "name_es": null, "name_en": "Ojibwe", "name_de": null, "name_nl": null, "name_da": null, "name_hu": null, "name_sv": null, "name_fr": null, "name_it": null, "name_tr": null, "name_pt_br": null, "created": "2018-10-22T12:23:30.382Z"}}, {"model": "openbook_common.language", "pk": 205, "fields": {"code": "or", "name": "Oriya", "name_es": null, "name_en": "Oriya", "name_de": null, "name_nl": null, "name_da": null, "name_hu": null, "name_sv": null, "name_fr": null, "name_it": null, "name_tr": null, "name_pt_br": null, "created": "2018-10-22T12:23:30.382Z"}}, {"model": "openbook_common.language", "pk": 206, "fields": {"code": "om", "name": "Oromo", "name_es": null, "name_en": "Oromo", "name_de": null, "name_nl": null, "name_da": null, "name_hu": null, "name_sv": null, "name_fr": null, "name_it": null, "name_tr": null, "name_pt_br": null, "created": "2018-10-22T12:23:30.382Z"}}, {"model": "openbook_common.language", "pk": 207, "fields": {"code": "os", "name": "Ossetian", "name_es": null, "name_en": "Ossetian", "name_de": null, "name_nl": null, "name_da": null, "name_hu": null, "name_sv": null, "name_fr": null, "name_it": null, "name_tr": null, "name_pt_br": null, "created": "2018-10-22T12:23:30.382Z"}}, {"model": "openbook_common.language", "pk": 208, "fields": {"code": "pi", "name": "Pali", "name_es": null, "name_en": "Pali", "name_de": null, "name_nl": null, "name_da": null, "name_hu": null, "name_sv": null, "name_fr": null, "name_it": null, "name_tr": null, "name_pt_br": null, "created": "2018-10-22T12:23:30.382Z"}}, {"model": "openbook_common.language", "pk": 209, "fields": {"code": "pap", "name": "Papiamento", "name_es": null, "name_en": "Papiamento", "name_de": null, "name_nl": null, "name_da": null, "name_hu": null, "name_sv": null, "name_fr": null, "name_it": null, "name_tr": null, "name_pt_br": null, "created": "2018-10-22T12:23:30.382Z"}}, {"model": "openbook_common.language", "pk": 210, "fields": {"code": "ps", "name": "Pashto", "name_es": null, "name_en": "Pashto", "name_de": null, "name_nl": null, "name_da": null, "name_hu": null, "name_sv": null, "name_fr": null, "name_it": null, "name_tr": null, "name_pt_br": null, "created": "2018-10-22T12:23:30.382Z"}}, {"model": "openbook_common.language", "pk": 211, "fields": {"code": "fa", "name": "Persian", "name_es": null, "name_en": "Persian", "name_de": null, "name_nl": null, "name_da": null, "name_hu": null, "name_sv": null, "name_fr": null, "name_it": null, "name_tr": null, "name_pt_br": null, "created": "2018-10-22T12:23:30.382Z"}}, {"model": "openbook_common.language", "pk": 212, "fields": {"code": "en-PT", "name": "Pirate English", "name_es": null, "name_en": "Pirate English", "name_de": null, "name_nl": null, "name_da": null, "name_hu": null, "name_sv": null, "name_fr": null, "name_it": null, "name_tr": null, "name_pt_br": null, "created": "2018-10-22T12:23:30.382Z"}}, {"model": "openbook_common.language", "pk": 213, "fields": {"code": "pl", "name": "Polish", "name_es": null, "name_en": "Polish", "name_de": null, "name_nl": null, "name_da": null, "name_hu": null, "name_sv": null, "name_fr": null, "name_it": null, "name_tr": null, "name_pt_br": null, "created": "2018-10-22T12:23:30.382Z"}}, {"model": "openbook_common.language", "pk": 214, "fields": {"code": "pt-PT", "name": "Portuguese", "name_es": null, "name_en": "Portuguese", "name_de": null, "name_nl": null, "name_da": null, "name_hu": null, "name_sv": null, "name_fr": null, "name_it": null, "name_tr": null, "name_pt_br": null, "created": "2018-10-22T12:23:30.382Z"}}, {"model": "openbook_common.language", "pk": 215, "fields": {"code": "pt-BR", "name": "Portuguese, Brazilian", "name_es": null, "name_en": "Portuguese, Brazilian", "name_de": null, "name_nl": null, "name_da": null, "name_hu": null, "name_sv": null, "name_fr": null, "name_it": null, "name_tr": null, "name_pt_br": null, "created": "2018-10-22T12:23:30.382Z"}}, {"model": "openbook_common.language", "pk": 216, "fields": {"code": "pa-IN", "name": "Punjabi", "name_es": null, "name_en": "Punjabi", "name_de": null, "name_nl": null, "name_da": null, "name_hu": null, "name_sv": null, "name_fr": null, "name_it": null, "name_tr": null, "name_pt_br": null, "created": "2018-10-22T12:23:30.382Z"}}, {"model": "openbook_common.language", "pk": 217, "fields": {"code": "pa-PK", "name": "Punjabi, Pakistan", "name_es": null, "name_en": "Punjabi, Pakistan", "name_de": null, "name_nl": null, "name_da": null, "name_hu": null, "name_sv": null, "name_fr": null, "name_it": null, "name_tr": null, "name_pt_br": null, "created": "2018-10-22T12:23:30.382Z"}}, {"model": "openbook_common.language", "pk": 218, "fields": {"code": "qu", "name": "Quechua", "name_es": null, "name_en": "Quechua", "name_de": null, "name_nl": null, "name_da": null, "name_hu": null, "name_sv": null, "name_fr": null, "name_it": null, "name_tr": null, "name_pt_br": null, "created": "2018-10-22T12:23:30.382Z"}}, {"model": "openbook_common.language", "pk": 219, "fields": {"code": "qya-AA", "name": "Quenya", "name_es": null, "name_en": "Quenya", "name_de": null, "name_nl": null, "name_da": null, "name_hu": null, "name_sv": null, "name_fr": null, "name_it": null, "name_tr": null, "name_pt_br": null, "created": "2018-10-22T12:23:30.382Z"}}, {"model": "openbook_common.language", "pk": 220, "fields": {"code": "ro", "name": "Romanian", "name_es": null, "name_en": "Romanian", "name_de": null, "name_nl": null, "name_da": null, "name_hu": null, "name_sv": null, "name_fr": null, "name_it": null, "name_tr": null, "name_pt_br": null, "created": "2018-10-22T12:23:30.382Z"}}, {"model": "openbook_common.language", "pk": 221, "fields": {"code": "rm-CH", "name": "Romansh", "name_es": null, "name_en": "Romansh", "name_de": null, "name_nl": null, "name_da": null, "name_hu": null, "name_sv": null, "name_fr": null, "name_it": null, "name_tr": null, "name_pt_br": null, "created": "2018-10-22T12:23:30.382Z"}}, {"model": "openbook_common.language", "pk": 222, "fields": {"code": "rn", "name": "Rundi", "name_es": null, "name_en": "Rundi", "name_de": null, "name_nl": null, "name_da": null, "name_hu": null, "name_sv": null, "name_fr": null, "name_it": null, "name_tr": null, "name_pt_br": null, "created": "2018-10-22T12:23:30.382Z"}}, {"model": "openbook_common.language", "pk": 223, "fields": {"code": "ru", "name": "Russian", "name_es": null, "name_en": "Russian", "name_de": null, "name_nl": null, "name_da": null, "name_hu": null, "name_sv": null, "name_fr": null, "name_it": null, "name_tr": null, "name_pt_br": null, "created": "2018-10-22T12:23:30.382Z"}}, {"model": "openbook_common.language", "pk": 224, "fields": {"code": "ru-BY", "name": "Russian, Belarus", "name_es": null, "name_en": "Russian, Belarus", "name_de": null, "name_nl": null, "name_da": null, "name_hu": null, "name_sv": null, "name_fr": null, "name_it": null, "name_tr": null, "name_pt_br": null, "created": "2018-10-22T12:23:30.382Z"}}, {"model": "openbook_common.language", "pk": 225, "fields": {"code": "ru-MD", "name": "Russian, Moldova", "name_es": null, "name_en": "Russian, Moldova", "name_de": null, "name_nl": null, "name_da": null, "name_hu": null, "name_sv": null, "name_fr": null, "name_it": null, "name_tr": null, "name_pt_br": null, "created": "2018-10-22T12:23:30.382Z"}}, {"model": "openbook_common.language", "pk": 226, "fields": {"code": "ru-UA", "name": "Russian, Ukraine", "name_es": null, "name_en": "Russian, Ukraine", "name_de": null, "name_nl": null, "name_da": null, "name_hu": null, "name_sv": null, "name_fr": null, "name_it": null, "name_tr": null, "name_pt_br": null, "created": "2018-10-22T12:23:30.382Z"}}, {"model": "openbook_common.language", "pk": 227, "fields": {"code": "ry-UA", "name": "Rusyn", "name_es": null, "name_en": "Rusyn", "name_de": null, "name_nl": null, "name_da": null, "name_hu": null, "name_sv": null, "name_fr": null, "name_it": null, "name_tr": null, "name_pt_br": null, "created": "2018-10-22T12:23:30.382Z"}}, {"model": "openbook_common.language", "pk": 228, "fields": {"code": "sah", "name": "Sakha", "name_es": null, "name_en": "Sakha", "name_de": null, "name_nl": null, "name_da": null, "name_hu": null, "name_sv": null, "name_fr": null, "name_it": null, "name_tr": null, "name_pt_br": null, "created": "2018-10-22T12:23:30.382Z"}}, {"model": "openbook_common.language", "pk": 229, "fields": {"code": "sg", "name": "Sango", "name_es": null, "name_en": "Sango", "name_de": null, "name_nl": null, "name_da": null, "name_hu": null, "name_sv": null, "name_fr": null, "name_it": null, "name_tr": null, "name_pt_br": null, "created": "2018-10-22T12:23:30.382Z"}}, {"model": "openbook_common.language", "pk": 230, "fields": {"code": "sa", "name": "Sanskrit", "name_es": null, "name_en": "Sanskrit", "name_de": null, "name_nl": null, "name_da": null, "name_hu": null, "name_sv": null, "name_fr": null, "name_it": null, "name_tr": null, "name_pt_br": null, "created": "2018-10-22T12:23:30.382Z"}}, {"model": "openbook_common.language", "pk": 231, "fields": {"code": "sat", "name": "Santali", "name_es": null, "name_en": "Santali", "name_de": null, "name_nl": null, "name_da": null, "name_hu": null, "name_sv": null, "name_fr": null, "name_it": null, "name_tr": null, "name_pt_br": null, "created": "2018-10-22T12:23:30.382Z"}}, {"model": "openbook_common.language", "pk": 232, "fields": {"code": "sc", "name": "Sardinian", "name_es": null, "name_en": "Sardinian", "name_de": null, "name_nl": null, "name_da": null, "name_hu": null, "name_sv": null, "name_fr": null, "name_it": null, "name_tr": null, "name_pt_br": null, "created": "2018-10-22T12:23:30.382Z"}}, {"model": "openbook_common.language", "pk": 233, "fields": {"code": "sco", "name": "Scots", "name_es": null, "name_en": "Scots", "name_de": null, "name_nl": null, "name_da": null, "name_hu": null, "name_sv": null, "name_fr": null, "name_it": null, "name_tr": null, "name_pt_br": null, "created": "2018-10-22T12:23:30.382Z"}}, {"model": "openbook_common.language", "pk": 234, "fields": {"code": "gd", "name": "Scottish Gaelic", "name_es": null, "name_en": "Scottish Gaelic", "name_de": null, "name_nl": null, "name_da": null, "name_hu": null, "name_sv": null, "name_fr": null, "name_it": null, "name_tr": null, "name_pt_br": null, "created": "2018-10-22T12:23:30.382Z"}}, {"model": "openbook_common.language", "pk": 235, "fields": {"code": "sr", "name": "Serbian (Cyrillic)", "name_es": null, "name_en": "Serbian (Cyrillic)", "name_de": null, "name_nl": null, "name_da": null, "name_hu": null, "name_sv": null, "name_fr": null, "name_it": null, "name_tr": null, "name_pt_br": null, "created": "2018-10-22T12:23:30.382Z"}}, {"model": "openbook_common.language", "pk": 236, "fields": {"code": "sr-CS", "name": "Serbian (Latin)", "name_es": null, "name_en": "Serbian (Latin)", "name_de": null, "name_nl": null, "name_da": null, "name_hu": null, "name_sv": null, "name_fr": null, "name_it": null, "name_tr": null, "name_pt_br": null, "created": "2018-10-22T12:23:30.382Z"}}, {"model": "openbook_common.language", "pk": 237, "fields": {"code": "sh", "name": "Serbo-Croatian", "name_es": null, "name_en": "Serbo-Croatian", "name_de": null, "name_nl": null, "name_da": null, "name_hu": null, "name_sv": null, "name_fr": null, "name_it": null, "name_tr": null, "name_pt_br": null, "created": "2018-10-22T12:23:30.382Z"}}, {"model": "openbook_common.language", "pk": 238, "fields": {"code": "crs", "name": "Seychellois Creole", "name_es": null, "name_en": "Seychellois Creole", "name_de": null, "name_nl": null, "name_da": null, "name_hu": null, "name_sv": null, "name_fr": null, "name_it": null, "name_tr": null, "name_pt_br": null, "created": "2018-10-22T12:23:30.382Z"}}, {"model": "openbook_common.language", "pk": 239, "fields": {"code": "sn", "name": "Shona", "name_es": null, "name_en": "Shona", "name_de": null, "name_nl": null, "name_da": null, "name_hu": null, "name_sv": null, "name_fr": null, "name_it": null, "name_tr": null, "name_pt_br": null, "created": "2018-10-22T12:23:30.382Z"}}, {"model": "openbook_common.language", "pk": 240, "fields": {"code": "ii", "name": "Sichuan Yi", "name_es": null, "name_en": "Sichuan Yi", "name_de": null, "name_nl": null, "name_da": null, "name_hu": null, "name_sv": null, "name_fr": null, "name_it": null, "name_tr": null, "name_pt_br": null, "created": "2018-10-22T12:23:30.382Z"}}, {"model": "openbook_common.language", "pk": 241, "fields": {"code": "sd", "name": "Sindhi", "name_es": null, "name_en": "Sindhi", "name_de": null, "name_nl": null, "name_da": null, "name_hu": null, "name_sv": null, "name_fr": null, "name_it": null, "name_tr": null, "name_pt_br": null, "created": "2018-10-22T12:23:30.382Z"}}, {"model": "openbook_common.language", "pk": 242, "fields": {"code": "si-LK", "name": "Sinhala", "name_es": null, "name_en": "Sinhala", "name_de": null, "name_nl": null, "name_da": null, "name_hu": null, "name_sv": null, "name_fr": null, "name_it": null, "name_tr": null, "name_pt_br": null, "created": "2018-10-22T12:23:30.382Z"}}, {"model": "openbook_common.language", "pk": 243, "fields": {"code": "sk", "name": "Slovak", "name_es": null, "name_en": "Slovak", "name_de": null, "name_nl": null, "name_da": null, "name_hu": null, "name_sv": null, "name_fr": null, "name_it": null, "name_tr": null, "name_pt_br": null, "created": "2018-10-22T12:23:30.382Z"}}, {"model": "openbook_common.language", "pk": 244, "fields": {"code": "sl", "name": "Slovenian", "name_es": null, "name_en": "Slovenian", "name_de": null, "name_nl": null, "name_da": null, "name_hu": null, "name_sv": null, "name_fr": null, "name_it": null, "name_tr": null, "name_pt_br": null, "created": "2018-10-22T12:23:30.382Z"}}, {"model": "openbook_common.language", "pk": 245, "fields": {"code": "so", "name": "Somali", "name_es": null, "name_en": "Somali", "name_de": null, "name_nl": null, "name_da": null, "name_hu": null, "name_sv": null, "name_fr": null, "name_it": null, "name_tr": null, "name_pt_br": null, "created": "2018-10-22T12:23:30.382Z"}}, {"model": "openbook_common.language", "pk": 246, "fields": {"code": "son", "name": "Songhay", "name_es": null, "name_en": "Songhay", "name_de": null, "name_nl": null, "name_da": null, "name_hu": null, "name_sv": null, "name_fr": null, "name_it": null, "name_tr": null, "name_pt_br": null, "created": "2018-10-22T12:23:30.382Z"}}, {"model": "openbook_common.language", "pk": 247, "fields": {"code": "ckb", "name": "Sorani (Kurdish)", "name_es": null, "name_en": "Sorani (Kurdish)", "name_de": null, "name_nl": null, "name_da": null, "name_hu": null, "name_sv": null, "name_fr": null, "name_it": null, "name_tr": null, "name_pt_br": null, "created": "2018-10-22T12:23:30.382Z"}}, {"model": "openbook_common.language", "pk": 248, "fields": {"code": "nr", "name": "Southern Ndebele", "name_es": null, "name_en": "Southern Ndebele", "name_de": null, "name_nl": null, "name_da": null, "name_hu": null, "name_sv": null, "name_fr": null, "name_it": null, "name_tr": null, "name_pt_br": null, "created": "2018-10-22T12:23:30.382Z"}}, {"model": "openbook_common.language", "pk": 249, "fields": {"code": "sma", "name": "Southern Sami", "name_es": null, "name_en": "Southern Sami", "name_de": null, "name_nl": null, "name_da": null, "name_hu": null, "name_sv": null, "name_fr": null, "name_it": null, "name_tr": null, "name_pt_br": null, "created": "2018-10-22T12:23:30.382Z"}}, {"model": "openbook_common.language", "pk": 250, "fields": {"code": "st", "name": "Southern Sotho", "name_es": null, "name_en": "Southern Sotho", "name_de": null, "name_nl": null, "name_da": null, "name_hu": null, "name_sv": null, "name_fr": null, "name_it": null, "name_tr": null, "name_pt_br": null, "created": "2018-10-22T12:23:30.382Z"}}, {"model": "openbook_common.language", "pk": 251, "fields": {"code": "es-ES", "name": "Spanish", "name_es": null, "name_en": "Spanish", "name_de": null, "name_nl": null, "name_da": null, "name_hu": null, "name_sv": null, "name_fr": null, "name_it": null, "name_tr": null, "name_pt_br": null, "created": "2018-10-22T12:23:30.382Z"}}, {"model": "openbook_common.language", "pk": 252, "fields": {"code": "es-EM", "name": "Spanish (Modern)", "name_es": null, "name_en": "Spanish (Modern)", "name_de": null, "name_nl": null, "name_da": null, "name_hu": null, "name_sv": null, "name_fr": null, "name_it": null, "name_tr": null, "name_pt_br": null, "created": "2018-10-22T12:23:30.382Z"}}, {"model": "openbook_common.language", "pk": 253, "fields": {"code": "es-AR", "name": "Spanish, Argentina", "name_es": null, "name_en": "Spanish, Argentina", "name_de": null, "name_nl": null, "name_da": null, "name_hu": null, "name_sv": null, "name_fr": null, "name_it": null, "name_tr": null, "name_pt_br": null, "created": "2018-10-22T12:23:30.382Z"}}, {"model": "openbook_common.language", "pk": 254, "fields": {"code": "es-BO", "name": "Spanish, Bolivia", "name_es": null, "name_en": "Spanish, Bolivia", "name_de": null, "name_nl": null, "name_da": null, "name_hu": null, "name_sv": null, "name_fr": null, "name_it": null, "name_tr": null, "name_pt_br": null, "created": "2018-10-22T12:23:30.382Z"}}, {"model": "openbook_common.language", "pk": 255, "fields": {"code": "es-CL", "name": "Spanish, Chile", "name_es": null, "name_en": "Spanish, Chile", "name_de": null, "name_nl": null, "name_da": null, "name_hu": null, "name_sv": null, "name_fr": null, "name_it": null, "name_tr": null, "name_pt_br": null, "created": "2018-10-22T12:23:30.382Z"}}, {"model": "openbook_common.language", "pk": 256, "fields": {"code": "es-CO", "name": "Spanish, Colombia", "name_es": null, "name_en": "Spanish, Colombia", "name_de": null, "name_nl": null, "name_da": null, "name_hu": null, "name_sv": null, "name_fr": null, "name_it": null, "name_tr": null, "name_pt_br": null, "created": "2018-10-22T12:23:30.382Z"}}, {"model": "openbook_common.language", "pk": 257, "fields": {"code": "es-CR", "name": "Spanish, Costa Rica", "name_es": null, "name_en": "Spanish, Costa Rica", "name_de": null, "name_nl": null, "name_da": null, "name_hu": null, "name_sv": null, "name_fr": null, "name_it": null, "name_tr": null, "name_pt_br": null, "created": "2018-10-22T12:23:30.382Z"}}, {"model": "openbook_common.language", "pk": 258, "fields": {"code": "es-DO", "name": "Spanish, Dominican Republic", "name_es": null, "name_en": "Spanish, Dominican Republic", "name_de": null, "name_nl": null, "name_da": null, "name_hu": null, "name_sv": null, "name_fr": null, "name_it": null, "name_tr": null, "name_pt_br": null, "created": "2018-10-22T12:23:30.382Z"}}, {"model": "openbook_common.language", "pk": 259, "fields": {"code": "es-EC", "name": "Spanish, Ecuador", "name_es": null, "name_en": "Spanish, Ecuador", "name_de": null, "name_nl": null, "name_da": null, "name_hu": null, "name_sv": null, "name_fr": null, "name_it": null, "name_tr": null, "name_pt_br": null, "created": "2018-10-22T12:23:30.382Z"}}, {"model": "openbook_common.language", "pk": 260, "fields": {"code": "es-SV", "name": "Spanish, El Salvador", "name_es": null, "name_en": "Spanish, El Salvador", "name_de": null, "name_nl": null, "name_da": null, "name_hu": null, "name_sv": null, "name_fr": null, "name_it": null, "name_tr": null, "name_pt_br": null, "created": "2018-10-22T12:23:30.382Z"}}, {"model": "openbook_common.language", "pk": 261, "fields": {"code": "es-GT", "name": "Spanish, Guatemala", "name_es": null, "name_en": "Spanish, Guatemala", "name_de": null, "name_nl": null, "name_da": null, "name_hu": null, "name_sv": null, "name_fr": null, "name_it": null, "name_tr": null, "name_pt_br": null, "created": "2018-10-22T12:23:30.382Z"}}, {"model": "openbook_common.language", "pk": 262, "fields": {"code": "es-HN", "name": "Spanish, Honduras", "name_es": null, "name_en": "Spanish, Honduras", "name_de": null, "name_nl": null, "name_da": null, "name_hu": null, "name_sv": null, "name_fr": null, "name_it": null, "name_tr": null, "name_pt_br": null, "created": "2018-10-22T12:23:30.382Z"}}, {"model": "openbook_common.language", "pk": 263, "fields": {"code": "es-MX", "name": "Spanish, Mexico", "name_es": null, "name_en": "Spanish, Mexico", "name_de": null, "name_nl": null, "name_da": null, "name_hu": null, "name_sv": null, "name_fr": null, "name_it": null, "name_tr": null, "name_pt_br": null, "created": "2018-10-22T12:23:30.382Z"}}, {"model": "openbook_common.language", "pk": 264, "fields": {"code": "es-NI", "name": "Spanish, Nicaragua", "name_es": null, "name_en": "Spanish, Nicaragua", "name_de": null, "name_nl": null, "name_da": null, "name_hu": null, "name_sv": null, "name_fr": null, "name_it": null, "name_tr": null, "name_pt_br": null, "created": "2018-10-22T12:23:30.382Z"}}, {"model": "openbook_common.language", "pk": 265, "fields": {"code": "es-PA", "name": "Spanish, Panama", "name_es": null, "name_en": "Spanish, Panama", "name_de": null, "name_nl": null, "name_da": null, "name_hu": null, "name_sv": null, "name_fr": null, "name_it": null, "name_tr": null, "name_pt_br": null, "created": "2018-10-22T12:23:30.382Z"}}, {"model": "openbook_common.language", "pk": 266, "fields": {"code": "es-PY", "name": "Spanish, Paraguay", "name_es": null, "name_en": "Spanish, Paraguay", "name_de": null, "name_nl": null, "name_da": null, "name_hu": null, "name_sv": null, "name_fr": null, "name_it": null, "name_tr": null, "name_pt_br": null, "created": "2018-10-22T12:23:30.382Z"}}, {"model": "openbook_common.language", "pk": 267, "fields": {"code": "es-PE", "name": "Spanish, Peru", "name_es": null, "name_en": "Spanish, Peru", "name_de": null, "name_nl": null, "name_da": null, "name_hu": null, "name_sv": null, "name_fr": null, "name_it": null, "name_tr": null, "name_pt_br": null, "created": "2018-10-22T12:23:30.382Z"}}, {"model": "openbook_common.language", "pk": 268, "fields": {"code": "es-PR", "name": "Spanish, Puerto Rico", "name_es": null, "name_en": "Spanish, Puerto Rico", "name_de": null, "name_nl": null, "name_da": null, "name_hu": null, "name_sv": null, "name_fr": null, "name_it": null, "name_tr": null, "name_pt_br": null, "created": "2018-10-22T12:23:30.382Z"}}, {"model": "openbook_common.language", "pk": 269, "fields": {"code": "es-US", "name": "Spanish, United States", "name_es": null, "name_en": "Spanish, United States", "name_de": null, "name_nl": null, "name_da": null, "name_hu": null, "name_sv": null, "name_fr": null, "name_it": null, "name_tr": null, "name_pt_br": null, "created": "2018-10-22T12:23:30.382Z"}}, {"model": "openbook_common.language", "pk": 270, "fields": {"code": "es-UY", "name": "Spanish, Uruguay", "name_es": null, "name_en": "Spanish, Uruguay", "name_de": null, "name_nl": null, "name_da": null, "name_hu": null, "name_sv": null, "name_fr": null, "name_it": null, "name_tr": null, "name_pt_br": null, "created": "2018-10-22T12:23:30.382Z"}}, {"model": "openbook_common.language", "pk": 271, "fields": {"code": "es-VE", "name": "Spanish, Venezuela", "name_es": null, "name_en": "Spanish, Venezuela", "name_de": null, "name_nl": null, "name_da": null, "name_hu": null, "name_sv": null, "name_fr": null, "name_it": null, "name_tr": null, "name_pt_br": null, "created": "2018-10-22T12:23:30.382Z"}}, {"model": "openbook_common.language", "pk": 272, "fields": {"code": "su", "name": "Sundanese", "name_es": null, "name_en": "Sundanese", "name_de": null, "name_nl": null, "name_da": null, "name_hu": null, "name_sv": null, "name_fr": null, "name_it": null, "name_tr": null, "name_pt_br": null, "created": "2018-10-22T12:23:30.382Z"}}, {"model": "openbook_common.language", "pk": 273, "fields": {"code": "sw", "name": "Swahili", "name_es": null, "name_en": "Swahili", "name_de": null, "name_nl": null, "name_da": null, "name_hu": null, "name_sv": null, "name_fr": null, "name_it": null, "name_tr": null, "name_pt_br": null, "created": "2018-10-22T12:23:30.382Z"}}, {"model": "openbook_common.language", "pk": 274, "fields": {"code": "sw-KE", "name": "Swahili, Kenya", "name_es": null, "name_en": "Swahili, Kenya", "name_de": null, "name_nl": null, "name_da": null, "name_hu": null, "name_sv": null, "name_fr": null, "name_it": null, "name_tr": null, "name_pt_br": null, "created": "2018-10-22T12:23:30.382Z"}}, {"model": "openbook_common.language", "pk": 275, "fields": {"code": "sw-TZ", "name": "Swahili, Tanzania", "name_es": null, "name_en": "Swahili, Tanzania", "name_de": null, "name_nl": null, "name_da": null, "name_hu": null, "name_sv": null, "name_fr": null, "name_it": null, "name_tr": null, "name_pt_br": null, "created": "2018-10-22T12:23:30.382Z"}}, {"model": "openbook_common.language", "pk": 276, "fields": {"code": "ss", "name": "Swati", "name_es": null, "name_en": "Swati", "name_de": null, "name_nl": null, "name_da": null, "name_hu": null, "name_sv": null, "name_fr": null, "name_it": null, "name_tr": null, "name_pt_br": null, "created": "2018-10-22T12:23:30.382Z"}}, {"model": "openbook_common.language", "pk": 277, "fields": {"code": "sv-SE", "name": "Swedish", "name_es": null, "name_en": "Swedish", "name_de": null, "name_nl": null, "name_da": null, "name_hu": null, "name_sv": null, "name_fr": null, "name_it": null, "name_tr": null, "name_pt_br": null, "created": "2018-10-22T12:23:30.382Z"}}, {"model": "openbook_common.language", "pk": 278, "fields": {"code": "sv-FI", "name": "Swedish, Finland", "name_es": null, "name_en": "Swedish, Finland", "name_de": null, "name_nl": null, "name_da": null, "name_hu": null, "name_sv": null, "name_fr": null, "name_it": null, "name_tr": null, "name_pt_br": null, "created": "2018-10-22T12:23:30.382Z"}}, {"model": "openbook_common.language", "pk": 279, "fields": {"code": "syc", "name": "Syriac", "name_es": null, "name_en": "Syriac", "name_de": null, "name_nl": null, "name_da": null, "name_hu": null, "name_sv": null, "name_fr": null, "name_it": null, "name_tr": null, "name_pt_br": null, "created": "2018-10-22T12:23:30.382Z"}}, {"model": "openbook_common.language", "pk": 280, "fields": {"code": "tl", "name": "Tagalog", "name_es": null, "name_en": "Tagalog", "name_de": null, "name_nl": null, "name_da": null, "name_hu": null, "name_sv": null, "name_fr": null, "name_it": null, "name_tr": null, "name_pt_br": null, "created": "2018-10-22T12:23:30.382Z"}}, {"model": "openbook_common.language", "pk": 281, "fields": {"code": "ty", "name": "Tahitian", "name_es": null, "name_en": "Tahitian", "name_de": null, "name_nl": null, "name_da": null, "name_hu": null, "name_sv": null, "name_fr": null, "name_it": null, "name_tr": null, "name_pt_br": null, "created": "2018-10-22T12:23:30.382Z"}}, {"model": "openbook_common.language", "pk": 282, "fields": {"code": "tg", "name": "Tajik", "name_es": null, "name_en": "Tajik", "name_de": null, "name_nl": null, "name_da": null, "name_hu": null, "name_sv": null, "name_fr": null, "name_it": null, "name_tr": null, "name_pt_br": null, "created": "2018-10-22T12:23:30.382Z"}}, {"model": "openbook_common.language", "pk": 283, "fields": {"code": "tzl", "name": "Talossan", "name_es": null, "name_en": "Talossan", "name_de": null, "name_nl": null, "name_da": null, "name_hu": null, "name_sv": null, "name_fr": null, "name_it": null, "name_tr": null, "name_pt_br": null, "created": "2018-10-22T12:23:30.382Z"}}, {"model": "openbook_common.language", "pk": 284, "fields": {"code": "ta", "name": "Tamil", "name_es": null, "name_en": "Tamil", "name_de": null, "name_nl": null, "name_da": null, "name_hu": null, "name_sv": null, "name_fr": null, "name_it": null, "name_tr": null, "name_pt_br": null, "created": "2018-10-22T12:23:30.382Z"}}, {"model": "openbook_common.language", "pk": 285, "fields": {"code": "tt-RU", "name": "Tatar", "name_es": null, "name_en": "Tatar", "name_de": null, "name_nl": null, "name_da": null, "name_hu": null, "name_sv": null, "name_fr": null, "name_it": null, "name_tr": null, "name_pt_br": null, "created": "2018-10-22T12:23:30.382Z"}}, {"model": "openbook_common.language", "pk": 286, "fields": {"code": "te", "name": "Telugu", "name_es": null, "name_en": "Telugu", "name_de": null, "name_nl": null, "name_da": null, "name_hu": null, "name_sv": null, "name_fr": null, "name_it": null, "name_tr": null, "name_pt_br": null, "created": "2018-10-22T12:23:30.382Z"}}, {"model": "openbook_common.language", "pk": 287, "fields": {"code": "kdh", "name": "Tem (Kotokoli)", "name_es": null, "name_en": "Tem (Kotokoli)", "name_de": null, "name_nl": null, "name_da": null, "name_hu": null, "name_sv": null, "name_fr": null, "name_it": null, "name_tr": null, "name_pt_br": null, "created": "2018-10-22T12:23:30.382Z"}}, {"model": "openbook_common.language", "pk": 288, "fields": {"code": "th", "name": "Thai", "name_es": null, "name_en": "Thai", "name_de": null, "name_nl": null, "name_da": null, "name_hu": null, "name_sv": null, "name_fr": null, "name_it": null, "name_tr": null, "name_pt_br": null, "created": "2018-10-22T12:23:30.382Z"}}, {"model": "openbook_common.language", "pk": 289, "fields": {"code": "bo-BT", "name": "Tibetan", "name_es": null, "name_en": "Tibetan", "name_de": null, "name_nl": null, "name_da": null, "name_hu": null, "name_sv": null, "name_fr": null, "name_it": null, "name_tr": null, "name_pt_br": null, "created": "2018-10-22T12:23:30.382Z"}}, {"model": "openbook_common.language", "pk": 290, "fields": {"code": "ti", "name": "Tigrinya", "name_es": null, "name_en": "Tigrinya", "name_de": null, "name_nl": null, "name_da": null, "name_hu": null, "name_sv": null, "name_fr": null, "name_it": null, "name_tr": null, "name_pt_br": null, "created": "2018-10-22T12:23:30.382Z"}}, {"model": "openbook_common.language", "pk": 291, "fields": {"code": "ts", "name": "Tsonga", "name_es": null, "name_en": "Tsonga", "name_de": null, "name_nl": null, "name_da": null, "name_hu": null, "name_sv": null, "name_fr": null, "name_it": null, "name_tr": null, "name_pt_br": null, "created": "2018-10-22T12:23:30.382Z"}}, {"model": "openbook_common.language", "pk": 292, "fields": {"code": "tn", "name": "Tswana", "name_es": null, "name_en": "Tswana", "name_de": null, "name_nl": null, "name_da": null, "name_hu": null, "name_sv": null, "name_fr": null, "name_it": null, "name_tr": null, "name_pt_br": null, "created": "2018-10-22T12:23:30.382Z"}}, {"model": "openbook_common.language", "pk": 293, "fields": {"code": "tr", "name": "Turkish", "name_es": null, "name_en": "Turkish", "name_de": null, "name_nl": null, "name_da": null, "name_hu": null, "name_sv": null, "name_fr": null, "name_it": null, "name_tr": null, "name_pt_br": null, "created": "2018-10-22T12:23:30.382Z"}}, {"model": "openbook_common.language", "pk": 294, "fields": {"code": "tr-CY", "name": "Turkish, Cyprus", "name_es": null, "name_en": "Turkish, Cyprus", "name_de": null, "name_nl": null, "name_da": null, "name_hu": null, "name_sv": null, "name_fr": null, "name_it": null, "name_tr": null, "name_pt_br": null, "created": "2018-10-22T12:23:30.382Z"}}, {"model": "openbook_common.language", "pk": 295, "fields": {"code": "tk", "name": "Turkmen", "name_es": null, "name_en": "Turkmen", "name_de": null, "name_nl": null, "name_da": null, "name_hu": null, "name_sv": null, "name_fr": null, "name_it": null, "name_tr": null, "name_pt_br": null, "created": "2018-10-22T12:23:30.382Z"}}, {"model": "openbook_common.language", "pk": 296, "fields": {"code": "uk", "name": "Ukrainian", "name_es": null, "name_en": "Ukrainian", "name_de": null, "name_nl": null, "name_da": null, "name_hu": null, "name_sv": null, "name_fr": null, "name_it": null, "name_tr": null, "name_pt_br": null, "created": "2018-10-22T12:23:30.382Z"}}, {"model": "openbook_common.language", "pk": 297, "fields": {"code": "hsb-DE", "name": "Upper Sorbian", "name_es": null, "name_en": "Upper Sorbian", "name_de": null, "name_nl": null, "name_da": null, "name_hu": null, "name_sv": null, "name_fr": null, "name_it": null, "name_tr": null, "name_pt_br": null, "created": "2018-10-22T12:23:30.382Z"}}, {"model": "openbook_common.language", "pk": 298, "fields": {"code": "ur-IN", "name": "Urdu (India)", "name_es": null, "name_en": "Urdu (India)", "name_de": null, "name_nl": null, "name_da": null, "name_hu": null, "name_sv": null, "name_fr": null, "name_it": null, "name_tr": null, "name_pt_br": null, "created": "2018-10-22T12:23:30.382Z"}}, {"model": "openbook_common.language", "pk": 299, "fields": {"code": "ur-PK", "name": "Urdu (Pakistan)", "name_es": null, "name_en": "Urdu (Pakistan)", "name_de": null, "name_nl": null, "name_da": null, "name_hu": null, "name_sv": null, "name_fr": null, "name_it": null, "name_tr": null, "name_pt_br": null, "created": "2018-10-22T12:23:30.382Z"}}, {"model": "openbook_common.language", "pk": 300, "fields": {"code": "ug", "name": "Uyghur", "name_es": null, "name_en": "Uyghur", "name_de": null, "name_nl": null, "name_da": null, "name_hu": null, "name_sv": null, "name_fr": null, "name_it": null, "name_tr": null, "name_pt_br": null, "created": "2018-10-22T12:23:30.382Z"}}, {"model": "openbook_common.language", "pk": 301, "fields": {"code": "uz", "name": "Uzbek", "name_es": null, "name_en": "Uzbek", "name_de": null, "name_nl": null, "name_da": null, "name_hu": null, "name_sv": null, "name_fr": null, "name_it": null, "name_tr": null, "name_pt_br": null, "created": "2018-10-22T12:23:30.382Z"}}, {"model": "openbook_common.language", "pk": 302, "fields": {"code": "val-ES", "name": "Valencian", "name_es": null, "name_en": "Valencian", "name_de": null, "name_nl": null, "name_da": null, "name_hu": null, "name_sv": null, "name_fr": null, "name_it": null, "name_tr": null, "name_pt_br": null, "created": "2018-10-22T12:23:30.382Z"}}, {"model": "openbook_common.language", "pk": 303, "fields": {"code": "ve", "name": "Venda", "name_es": null, "name_en": "Venda", "name_de": null, "name_nl": null, "name_da": null, "name_hu": null, "name_sv": null, "name_fr": null, "name_it": null, "name_tr": null, "name_pt_br": null, "created": "2018-10-22T12:23:30.382Z"}}, {"model": "openbook_common.language", "pk": 304, "fields": {"code": "vec", "name": "Venetian", "name_es": null, "name_en": "Venetian", "name_de": null, "name_nl": null, "name_da": null, "name_hu": null, "name_sv": null, "name_fr": null, "name_it": null, "name_tr": null, "name_pt_br": null, "created": "2018-10-22T12:23:30.382Z"}}, {"model": "openbook_common.language", "pk": 305, "fields": {"code": "vi", "name": "Vietnamese", "name_es": null, "name_en": "Vietnamese", "name_de": null, "name_nl": null, "name_da": null, "name_hu": null, "name_sv": null, "name_fr": null, "name_it": null, "name_tr": null, "name_pt_br": null, "created": "2018-10-22T12:23:30.382Z"}}, {"model": "openbook_common.language", "pk": 306, "fields": {"code": "wa", "name": "Walloon", "name_es": null, "name_en": "Walloon", "name_de": null, "name_nl": null, "name_da": null, "name_hu": null, "name_sv": null, "name_fr": null, "name_it": null, "name_tr": null, "name_pt_br": null, "created": "2018-10-22T12:23:30.382Z"}}, {"model": "openbook_common.language", "pk": 307, "fields": {"code": "cy", "name": "Welsh", "name_es": null, "name_en": "Welsh", "name_de": null, "name_nl": null, "name_da": null, "name_hu": null, "name_sv": null, "name_fr": null, "name_it": null, "name_tr": null, "name_pt_br": null, "created": "2018-10-22T12:23:30.382Z"}}, {"model": "openbook_common.language", "pk": 308, "fields": {"code": "wo", "name": "Wolof", "name_es": null, "name_en": "Wolof", "name_de": null, "name_nl": null, "name_da": null, "name_hu": null, "name_sv": null, "name_fr": null, "name_it": null, "name_tr": null, "name_pt_br": null, "created": "2018-10-22T12:23:30.382Z"}}, {"model": "openbook_common.language", "pk": 309, "fields": {"code": "xh", "name": "Xhosa", "name_es": null, "name_en": "Xhosa", "name_de": null, "name_nl": null, "name_da": null, "name_hu": null, "name_sv": null, "name_fr": null, "name_it": null, "name_tr": null, "name_pt_br": null, "created": "2018-10-22T12:23:30.382Z"}}, {"model": "openbook_common.language", "pk": 310, "fields": {"code": "yi", "name": "Yiddish", "name_es": null, "name_en": "Yiddish", "name_de": null, "name_nl": null, "name_da": null, "name_hu": null, "name_sv": null, "name_fr": null, "name_it": null, "name_tr": null, "name_pt_br": null, "created": "2018-10-22T12:23:30.382Z"}}, {"model": "openbook_common.language", "pk": 311, "fields": {"code": "yo", "name": "Yoruba", "name_es": null, "name_en": "Yoruba", "name_de": null, "name_nl": null, "name_da": null, "name_hu": null, "name_sv": null, "name_fr": null, "name_it": null, "name_tr": null, "name_pt_br": null, "created": "2018-10-22T12:23:30.382Z"}}, {"model": "openbook_common.language", "pk": 312, "fields": {"code": "zea", "name": "Zeelandic", "name_es": null, "name_en": "Zeelandic", "name_de": null, "name_nl": null, "name_da": null, "name_hu": null, "name_sv": null, "name_fr": null, "name_it": null, "name_tr": null, "name_pt_br": null, "created": "2018-10-22T12:23:30.382Z"}}, {"model": "openbook_common.language", "pk": 313, "fields": {"code": "zu", "name": "Zulu", "name_es": null, "name_en": "Zulu", "name_de": null, "name_nl": null, "name_da": null, "name_hu": null, "name_sv": null, "name_fr": null, "name_it": null, "name_tr": null, "name_pt_br": null, "created": "2018-10-22T12:23:30.382Z"}}, {"model": "openbook_common.language", "pk": 314, "fields": {"code": "es", "name": "Spanish", "name_es": null, "name_en": "Spanish", "name_de": null, "name_nl": null, "name_da": null, "name_hu": null, "name_sv": null, "name_fr": null, "name_it": null, "name_tr": null, "name_pt_br": null, "created": "2018-10-22T12:23:30.382Z"}}, {"model": "openbook_common.language", "pk": 315, "fields": {"code": "sv", "name": "Swedish", "name_es": null, "name_en": "Swedish", "name_de": null, "name_nl": null, "name_da": null, "name_hu": null, "name_sv": null, "name_fr": null, "name_it": null, "name_tr": null, "name_pt_br": null, "created": "2018-10-22T12:23:30.382Z"}}, {"model": "openbook_common.language", "pk": 316, "fields": {"code": "pt", "name": "Portuguese", "name_es": null, "name_en": "Portuguese", "name_de": null, "name_nl": null, "name_da": null, "name_hu": null, "name_sv": null, "name_fr": null, "name_it": null, "name_tr": null, "name_pt_br": null, "created": "2018-10-22T12:23:30.382Z"}}, {"model": "openbook_auth.user", "pk": 1, "fields": {"password": "pbkdf2_sha256$150000$jqKZtW3ulGA2$01sOZDbJjeAHEKiRJJyMElK54Y9hsurdh4GKr13NR88=", "last_login": null, "is_superuser": false, "is_staff": false, "is_active": true, "date_joined": "2019-11-20T14:37:17.354Z", "language": 63, "translation_language": 63, "email": "administrator@localhost.okuna", "is_email_verified": false, "are_guidelines_accepted": true, "is_deleted": false, "username": "Miguel", "uuid": "ed0af16d-4002-4a79-ba20-cbfd211bc1ed", "invite_count": 0, "groups": [], "user_permissions": []}}, {"model": "openbook_auth.user", "pk": 2, "fields": {"password": "pbkdf2_sha256$150000$y5D96AKSiI67$uVO46lLLjBx4es5mib9zfWV/SdrvkJifD8SAoCeH+ws=", "last_login": null, "is_superuser": false, "is_staff": false, "is_active": true, "date_joined": "2019-11-20T14:39:47.570Z", "language": 63, "translation_language": 63, "email": "pupper@localhost.okuna", "is_email_verified": false, "are_guidelines_accepted": true, "is_deleted": false, "username": "mike", "uuid": "5d440628-1041-4c3b-912d-d54fe7335eca", "invite_count": 0, "groups": [], "user_permissions": []}}, {"model": "openbook_auth.user", "pk": 3, "fields": {"password": "pbkdf2_sha256$150000$8YmRWoaSDwuR$OXIRau93geZjR8L1et8ZT6evU3ZT+6UtfeAzdRsrSys=", "last_login": null, "is_superuser": false, "is_staff": false, "is_active": true, "date_joined": "2019-11-20T14:41:03.913Z", "language": 63, "translation_language": 63, "email": "catto@localhost.okuna", "is_email_verified": false, "are_guidelines_accepted": true, "is_deleted": false, "username": "martha", "uuid": "cc91a68e-7609-4082-bb5a-282763ba4e27", "invite_count": 0, "groups": [], "user_permissions": []}}, {"model": "openbook_auth.userprofile", "pk": 1, "fields": {"name": "miguel", "location": "Somewhere in the Caribbean", "user": 1, "is_of_legal_age": true, "avatar": "users/1/b7cae903-481c-48e2-a252-3ed4bb9695af.jpg", "cover": "users/1/2dc76de6-f10d-4c65-afbe-c4812d3d6367.jpg", "bio": "Hobby photographer", "url": "https://okuna.io", "followers_count_visible": false, "community_posts_visible": true, "badges": []}}, {"model": "openbook_auth.userprofile", "pk": 2, "fields": {"name": "Mike", "location": "Santa Barbara", "user": 2, "is_of_legal_age": true, "avatar": "users/2/9ba5caa0-1177-4855-b382-731169ac982a.jpg", "cover": "users/2/67dda28b-a938-4c71-8ef9-d6b584bf3a7a.jpg", "bio": "Engineer, excited about Okuna!", "url": null, "followers_count_visible": true, "community_posts_visible": true, "badges": []}}, {"model": "openbook_auth.userprofile", "pk": 3, "fields": {"name": "Martha", "location": "Miami", "user": 3, "is_of_legal_age": true, "avatar": "users/3/fa8003fd-d610-4c15-b319-4c8465bcc80f.jpg", "cover": "users/3/08807c48-c5f8-46c3-845e-901191450812.jpg", "bio": "Software engineer living under sunny Miami!", "url": "https://okuna.io", "followers_count_visible": false, "community_posts_visible": true, "badges": []}}, {"model": "openbook_posts.post", "pk": 1, "fields": {"uuid": "6dc27517-a204-4563-abe2-dba63782e34f", "text": "This is my first post around here!", "created": "2019-11-20T14:48:38.916Z", "modified": "2019-11-20T14:48:38.916Z", "creator": 3, "comments_enabled": true, "public_reactions": true, "community": null, "language": 63, "is_edited": false, "is_closed": false, "is_deleted": false, "status": "P", "media_height": null, "media_width": null, "media_thumbnail": ""}}, {"model": "openbook_posts.post", "pk": 2, "fields": {"uuid": "12bab106-a8d1-4d7b-83bc-035f3e4f9a85", "text": "A picture just outside my place!", "created": "2019-11-20T14:51:01.839Z", "modified": "2019-11-20T14:51:01.839Z", "creator": 3, "comments_enabled": true, "public_reactions": true, "community": null, "language": 98, "is_edited": false, "is_closed": false, "is_deleted": false, "status": "P", "media_height": 761, "media_width": 1024, "media_thumbnail": "posts/12bab106-a8d1-4d7b-83bc-035f3e4f9a85/5b834172-44ce-4ee4-8161-550cfd9c44c0.jpg"}}, {"model": "openbook_posts.post", "pk": 3, "fields": {"uuid": "2f188b8f-b5b4-4193-9761-e9e4752bc15a", "text": "An aerial shot of my condos for all my connections :-)", "created": "2019-11-20T14:52:04.060Z", "modified": "2019-11-20T14:52:14.384Z", "creator": 3, "comments_enabled": true, "public_reactions": true, "community": null, "language": 63, "is_edited": true, "is_closed": false, "is_deleted": false, "status": "P", "media_height": 682, "media_width": 1024, "media_thumbnail": "posts/2f188b8f-b5b4-4193-9761-e9e4752bc15a/ef718c7b-a7bf-42f6-a0cd-9b43dc2dca27.jpg"}}, {"model": "openbook_posts.post", "pk": 4, "fields": {"uuid": "ae5e21a7-e922-44e0-8d9a-8a9b88461348", "text": "Photo I took when down in Mexico", "created": "2019-11-21T11:01:28.653Z", "modified": "2019-11-21T11:01:28.653Z", "creator": 2, "comments_enabled": true, "public_reactions": true, "community": null, "language": 63, "is_edited": false, "is_closed": false, "is_deleted": false, "status": "P", "media_height": 683, "media_width": 1024, "media_thumbnail": "posts/ae5e21a7-e922-44e0-8d9a-8a9b88461348/15fc96ab-c947-466f-9b1e-5b7ca4243538.jpg"}}, {"model": "openbook_posts.post", "pk": 5, "fields": {"uuid": "fd639e31-94c7-444a-965b-0dd82a8e6c16", "text": "A photo I took on my recent trip to Asia", "created": "2019-11-21T12:13:07.039Z", "modified": "2019-11-21T12:13:07.089Z", "creator": 1, "comments_enabled": true, "public_reactions": true, "community": 1, "language": 63, "is_edited": false, "is_closed": false, "is_deleted": false, "status": "P", "media_height": 682, "media_width": 1024, "media_thumbnail": "posts/fd639e31-94c7-444a-965b-0dd82a8e6c16/df89215a-420f-41ee-bd08-b6326c2919eb.jpg"}}, {"model": "openbook_posts.postmedia", "pk": 1, "fields": {"order": 0, "post": 2, "type": "I", "content_type": 22, "object_id": 1}}, {"model": "openbook_posts.postmedia", "pk": 2, "fields": {"order": 0, "post": 3, "type": "I", "content_type": 22, "object_id": 2}}, {"model": "openbook_posts.postmedia", "pk": 3, "fields": {"order": 0, "post": 4, "type": "I", "content_type": 22, "object_id": 3}}, {"model": "openbook_posts.postmedia", "pk": 4, "fields": {"order": 0, "post": 5, "type": "I", "content_type": 22, "object_id": 4}}, {"model": "openbook_posts.postimage", "pk": 1, "fields": {"post": 2, "image": "posts/12bab106-a8d1-4d7b-83bc-035f3e4f9a85/eb8b98e2-64b6-43a5-a8c5-18d5469c65a3.jpg", "width": 1024, "height": 761, "hash": "4c95f02e53e7f2e0d07efa67a69645918efa02664034b906f5e8ec7f44efd573", "thumbnail": "posts/12bab106-a8d1-4d7b-83bc-035f3e4f9a85/62e83ae3-e48b-4fe3-b035-a0fb2ee0a0df.jpg"}}, {"model": "openbook_posts.postimage", "pk": 2, "fields": {"post": 3, "image": "posts/2f188b8f-b5b4-4193-9761-e9e4752bc15a/3130bec1-6443-45a7-89fc-646e77e97e84.jpg", "width": 1024, "height": 682, "hash": "68833418f7f4ee909c6adaf752a655491817580b76c73cd4f4653c3a32e5627c", "thumbnail": "posts/2f188b8f-b5b4-4193-9761-e9e4752bc15a/70ed8ae5-d718-4abe-a587-1b13c908f4c5.jpg"}}, {"model": "openbook_posts.postimage", "pk": 3, "fields": {"post": 4, "image": "posts/ae5e21a7-e922-44e0-8d9a-8a9b88461348/1b157ee5-4085-434d-b932-5d6ca74a89ae.jpg", "width": 1024, "height": 683, "hash": "162c73d3d1fb43d9c65b27ad5555522cef5e001bf177d50ad28b7e4c22aebca0", "thumbnail": "posts/ae5e21a7-e922-44e0-8d9a-8a9b88461348/edaafa27-dfd2-4567-b651-d7e88c260107.jpg"}}, {"model": "openbook_posts.postimage", "pk": 4, "fields": {"post": 5, "image": "posts/fd639e31-94c7-444a-965b-0dd82a8e6c16/6c225855-4350-404b-969e-c7e7d219f1c7.jpg", "width": 1024, "height": 682, "hash": "e6a9d5c63b9d0f4452c81a08dc36bb363d1c56e5162a9241ea7cc1e2a9afd59f", "thumbnail": "posts/fd639e31-94c7-444a-965b-0dd82a8e6c16/4bc14d41-8801-42ac-b2e8-f7022bf5667e.jpg"}}, {"model": "openbook_posts.postreaction", "pk": 1, "fields": {"post": 5, "created": "2019-11-21T13:02:20.004Z", "reactor": 3, "emoji": 4}}, {"model": "openbook_circles.circle", "pk": 1, "fields": {"creator": null, "name": "World", "color": "#023ca7", "created": "2018-12-01T18:00:18.414Z", "posts": [1, 2, 4]}}, {"model": "openbook_follows.follow", "pk": 1, "fields": {"user": 3, "followed_user": 1}}, {"model": "openbook_follows.follow", "pk": 2, "fields": {"user": 3, "followed_user": 2}}, {"model": "openbook_follows.follow", "pk": 3, "fields": {"user": 2, "followed_user": 3}}, {"model": "openbook_follows.follow", "pk": 4, "fields": {"user": 1, "followed_user": 3}}, {"model": "openbook_communities.community", "pk": 1, "fields": {"creator": 2, "name": "photography", "title": "Photography", "description": "A community for photography", "rules": "", "avatar": "communities/None/18f6601b-3a9d-4d93-bb06-81bfa3e3a876.jpg", "cover": "communities/None/0c8caef9-1341-4ddb-9087-586d8f49c2ac.jpg", "created": "2019-11-21T11:03:00.582Z", "type": "P", "color": "#000000", "user_adjective": "Photographer", "users_adjective": "Photographers", "invites_enabled": true, "is_deleted": false, "starrers": [], "banned_users": []}}, {"model": "openbook_communities.communitymembership", "pk": 1, "fields": {"user": 2, "community": 1, "is_administrator": true, "is_moderator": false, "created": "2019-11-21T11:03:00.656Z"}}, {"model": "openbook_communities.communitymembership", "pk": 2, "fields": {"user": 1, "community": 1, "is_administrator": false, "is_moderator": false, "created": "2019-11-21T11:03:45.499Z"}}, {"model": "openbook_invitations.userinvite", "pk": 1, "fields": {"invited_by": null, "created": "2019-11-20T14:10:51.375Z", "created_user": 1, "name": null, "nickname": null, "email": null, "username": null, "badge": null, "token": "eyJ0eXAiOiJKV1QiLCJhbGciOiJIUzI1NiJ9.eyJpZCI6MX0.AH8w0EJihTwhgWTRumQzbaLjr6cC3cGLpEbeXkBPQcw", "is_invite_email_sent": false}}, {"model": "openbook_invitations.userinvite", "pk": 2, "fields": {"invited_by": null, "created": "2019-11-20T14:38:41.287Z", "created_user": 2, "name": null, "nickname": null, "email": null, "username": null, "badge": null, "token": "eyJ0eXAiOiJKV1QiLCJhbGciOiJIUzI1NiJ9.eyJpZCI6Mn0.vh5Y24U0rk46D9ADcAd7fpmdWcOxE4xq6w156YDWPrI", "is_invite_email_sent": false}}, {"model": "openbook_invitations.userinvite", "pk": 3, "fields": {"invited_by": null, "created": "2019-11-20T14:40:02.979Z", "created_user": 3, "name": null, "nickname": null, "email": null, "username": null, "badge": null, "token": "eyJ0eXAiOiJKV1QiLCJhbGciOiJIUzI1NiJ9.eyJpZCI6M30.bSo758182uLxGRlcYbsB-VQJYeGrupROZtY1bA0xEus", "is_invite_email_sent": false}}, {"model": "openbook_categories.category", "pk": 1, "fields": {"creator": null, "name": "education", "title": "Education", "title_es": "Educaci\u00f3n", "title_en": "Education", "title_de": "Bildung", "title_nl": null, "title_da": null, "title_hu": null, "title_sv": "Utbildning", "title_fr": "\u00c9ducation", "title_it": "Istruzione", "title_tr": "E\u011fitim", "title_pt_br": "Educa\u00e7\u00e3o", "description": "For everything related to Education.", "description_es": "Para todo lo relacionado con la educaci\u00f3n.", "description_en": "For everything related to Education.", "description_de": "F\u00fcr alles, was mit Bildung zu tun hat.", "description_nl": null, "description_da": null, "description_hu": null, "description_sv": "F\u00f6r allt relaterat till utbildning.", "description_fr": "Pour tout ce qui concerne l'\u00e9ducation.", "description_it": "Per tutto quello che riguarda l'istruzione.", "description_tr": "E\u011fitim ile ilgili her \u015fey.", "description_pt_br": "Para tudo relacionado a educa\u00e7\u00e3o.", "created": "2018-10-22T12:23:30.382Z", "avatar": "openbook_categories/avatars/category_education-min.png", "color": "#6200cc", "order": 8, "communities": []}}, {"model": "openbook_categories.category", "pk": 2, "fields": {"creator": null, "name": "fun", "title": "Fun", "title_es": "Diversi\u00f3n", "title_en": "Fun", "title_de": "Spa\u00df", "title_nl": null, "title_da": null, "title_hu": null, "title_sv": "Roligt", "title_fr": "Amusement", "title_it": "Divertimento", "title_tr": "E\u011flence", "title_pt_br": "Divers\u00e3o", "description": "Fun stuff!", "description_es": "\u00a1Qu\u00e9 curiosidad!", "description_en": "Fun stuff!", "description_de": "Witziges!", "description_nl": null, "description_da": null, "description_hu": null, "description_sv": "Roliga saker!", "description_fr": "Des choses amusantes !", "description_it": "Per divertirsi!", "description_tr": "E\u011flenceli \u015feyler!", "description_pt_br": "Coisas divertidas!", "created": "2018-10-22T12:23:30.382Z", "avatar": "openbook_categories/avatars/category_fun-min.png", "color": "#ff005d", "order": 1, "communities": [1]}}, {"model": "openbook_categories.category", "pk": 3, "fields": {"creator": null, "name": "technology", "title": "Technology", "title_es": "Tecnolog\u00eda", "title_en": "Technology", "title_de": "Technologie", "title_nl": null, "title_da": null, "title_hu": null, "title_sv": "Teknologi", "title_fr": "Technologie", "title_it": "Tecnologia", "title_tr": "Teknoloji", "title_pt_br": "Tecnologia", "description": "For all tech related wizardry.", "description_es": "", "description_en": "For all tech related wizardry.", "description_de": "F\u00fcr alle Technik-Begeisterten.", "description_nl": null, "description_da": null, "description_hu": null, "description_sv": "F\u00f6r allt teknologi-trolleri.", "description_fr": "Pour tout ce qui concerne la magie de la technologie.", "description_it": "Per tutto quello che riguarda le meraviglie tecnologiche.", "description_tr": "T\u00fcm teknolojik sihirbazl\u0131klarla ilgili.", "description_pt_br": "Para tudo relacionado a tecnologia.", "created": "2018-10-22T12:23:30.382Z", "avatar": "openbook_categories/avatars/category_technology-min.png", "color": "#0050ff", "order": 3, "communities": []}}, {"model": "openbook_categories.category", "pk": 4, "fields": {"creator": null, "name": "sports", "title": "Sports", "title_es": "", "title_en": "Sports", "title_de": "Sport", "title_nl": null, "title_da": null, "title_hu": null, "title_sv": "Sport", "title_fr": "Sports", "title_it": "Sport", "title_tr": "Spor Dallar\u0131", "title_pt_br": "Esportes", "description": "For everything related to sports.", "description_es": "", "description_en": "For everything related to sports.", "description_de": "F\u00fcr alles, was mit Sport zu tun hat.", "description_nl": null, "description_da": null, "description_hu": null, "description_sv": "F\u00f6r allt relaterat till sport.", "description_fr": "Pour tout ce qui concerne les sports.", "description_it": "Per tutto quello che riguarda lo sport.", "description_tr": "Spor Dallar\u0131 ile ilgili her \u015fey.", "description_pt_br": "Para tudo relacionado a esportes.", "created": "2018-10-22T12:23:30.382Z", "avatar": "openbook_categories/avatars/category_sports-min.png", "color": "#3c9b48", "order": 5, "communities": []}}, {"model": "openbook_categories.category", "pk": 5, "fields": {"creator": null, "name": "art", "title": "Art", "title_es": "", "title_en": "Art", "title_de": "Kunst", "title_nl": null, "title_da": null, "title_hu": null, "title_sv": "Konst", "title_fr": "Art", "title_it": "Arti", "title_tr": "Sanat", "title_pt_br": "Arte", "description": "For everything related to art.", "description_es": "", "description_en": "For everything related to art.", "description_de": "F\u00fcr alles, was mit Kunst zu tun hat.", "description_nl": null, "description_da": null, "description_hu": null, "description_sv": "F\u00f6r allt relaterat till konst.", "description_fr": "Pour tout ce qui concerne l'art.", "description_it": "Per tutto quello che riguarda le arti.", "description_tr": "Sanat ile ilgili her \u015fey.", "description_pt_br": "Para tudo relacionado a arte.", "created": "2018-10-22T12:23:30.382Z", "avatar": "openbook_categories/avatars/category_art-min.png", "color": "#595959", "order": 6, "communities": []}}, {"model": "openbook_categories.category", "pk": 6, "fields": {"creator": null, "name": "lifestyle", "title": "Lifestyle", "title_es": "", "title_en": "Lifestyle", "title_de": "Lifestyle", "title_nl": null, "title_da": null, "title_hu": null, "title_sv": "Livsstil", "title_fr": "Style de vie", "title_it": "Stile di vita", "title_tr": "Ya\u015fam Tarz\u0131-Hobi", "title_pt_br": "Estilo de vida", "description": "For everything related to lifestyle.", "description_es": "", "description_en": "For everything related to lifestyle.", "description_de": "F\u00fcr alles, was mit Lifestyle zu tun hat.", "description_nl": null, "description_da": null, "description_hu": null, "description_sv": "F\u00f6r allt relaterat till livsstil.", "description_fr": "Pour tout ce qui concerne les styles de vie.", "description_it": "Per tutto quello che riguarda lo stile di vita.", "description_tr": "Ya\u015fam Tarz\u0131-Hobi ile ilgili her \u015fey i\u00e7in.", "description_pt_br": "Para tudo relacionado a estilos de vida.", "created": "2018-10-22T12:23:30.382Z", "avatar": "openbook_categories/avatars/category_lifestyle-min.png", "color": "#0085d8", "order": 7, "communities": [1]}}, {"model": "openbook_categories.category", "pk": 7, "fields": {"creator": null, "name": "entertainment", "title": "Entertainment", "title_es": "", "title_en": "Entertainment", "title_de": "Unterhaltung", "title_nl": null, "title_da": null, "title_hu": null, "title_sv": "Underh\u00e5llning", "title_fr": "Divertissement", "title_it": "Intrattenimento", "title_tr": "G\u00f6steri", "title_pt_br": "Entretenimento", "description": "For everything related to entertainment.", "description_es": "", "description_en": "For everything related to entertainment.", "description_de": "F\u00fcr alles, was mit Unterhaltung zu tun hat.", "description_nl": null, "description_da": null, "description_hu": null, "description_sv": "F\u00f6r allt relaterat till underh\u00e5llning.", "description_fr": "Pour tout ce qui concerne le divertissement.", "description_it": "Per tutto quello che riguarda l'intrattenimento.", "description_tr": "G\u00f6steri ile ilgili her \u015fey.", "description_pt_br": "Para tudo relacionado a entretenimento.", "created": "2018-10-22T12:23:30.382Z", "avatar": "openbook_categories/avatars/category_entertainment-min.png", "color": "#ffe032", "order": 8, "communities": [1]}}, {"model": "openbook_categories.category", "pk": 8, "fields": {"creator": null, "name": "places", "title": "Places", "title_es": "", "title_en": "Places", "title_de": "Orte", "title_nl": null, "title_da": null, "title_hu": null, "title_sv": "Platser", "title_fr": "Lieux", "title_it": "Luoghi", "title_tr": "Mekanlar", "title_pt_br": "Lugares", "description": "For everything related to places.", "description_es": "", "description_en": "For everything related to places.", "description_de": "F\u00fcr alles, was mit besonderen Orten und Pl\u00e4tzen zu tun hat.", "description_nl": null, "description_da": null, "description_hu": null, "description_sv": "F\u00f6r allt relaterat till platser.", "description_fr": "Pour tout ce qui concerne les lieux.", "description_it": "Per tutto quello che riguarda i luoghi.", "description_tr": "Mekanlar ile ilgili her \u015fey.", "description_pt_br": "Para tudo relacionado a lugares.", "created": "2018-10-22T12:23:30.382Z", "avatar": "openbook_categories/avatars/category_places-min.png", "color": "#dce3ed", "order": 9, "communities": []}}, {"model": "openbook_categories.category", "pk": 9, "fields": {"creator": null, "name": "food", "title": "Food", "title_es": "", "title_en": "Food", "title_de": "Ern\u00e4hrung", "title_nl": null, "title_da": null, "title_hu": null, "title_sv": "Mat", "title_fr": "Nourriture", "title_it": "Cibo", "title_tr": "Yemek", "title_pt_br": "Comida", "description": "For everything related to food.", "description_es": "", "description_en": "For everything related to food.", "description_de": "F\u00fcr alles, was mit Nahrung zu tun hat.", "description_nl": null, "description_da": null, "description_hu": null, "description_sv": "F\u00f6r allt relaterat till mat.", "description_fr": "Pour tout ce qui concerne la nourriture.", "description_it": "Per tutto quello che riguarda gli alimenti.", "description_tr": "Yemek ile ilgili her \u015fey.", "description_pt_br": "Para tudo relacionado a comidas.", "created": "2018-10-22T12:23:30.382Z", "avatar": "openbook_categories/avatars/category_food-min.png", "color": "#ffa41f", "order": 9, "communities": []}}, {"model": "openbook_categories.category", "pk": 10, "fields": {"creator": null, "name": "animals", "title": "Animals", "title_es": null, "title_en": "Animals", "title_de": null, "title_nl": null, "title_da": null, "title_hu": null, "title_sv": null, "title_fr": null, "title_it": null, "title_tr": null, "title_pt_br": null, "description": "For everything related to animals.", "description_es": null, "description_en": "For everything related to animals.", "description_de": null, "description_nl": null, "description_da": null, "description_hu": null, "description_sv": null, "description_fr": null, "description_it": null, "description_tr": null, "description_pt_br": null, "created": "2018-10-22T12:23:30.382Z", "avatar": "openbook_categories/avatars/category_animals-min.png", "color": "#b3b3e3", "order": 7, "communities": []}}, {"model": "openbook_categories.category", "pk": 11, "fields": {"creator": null, "name": "science", "title": "Science", "title_es": null, "title_en": "Science", "title_de": null, "title_nl": null, "title_da": null, "title_hu": null, "title_sv": null, "title_fr": null, "title_it": null, "title_tr": null, "title_pt_br": null, "description": "For everything related to science.", "description_es": null, "description_en": "For everything related to science.", "description_de": null, "description_nl": null, "description_da": null, "description_hu": null, "description_sv": null, "description_fr": null, "description_it": null, "description_tr": null, "description_pt_br": null, "created": "2018-10-22T12:23:30.382Z", "avatar": "openbook_categories/avatars/category_science-min.png", "color": "#d0bead", "order": 9, "communities": []}}, {"model": "openbook_notifications.notification", "pk": 1, "fields": {"owner": 1, "created": "2019-11-20T14:51:43.522Z", "read": false, "notification_type": "F", "content_type": 47, "object_id": 1}}, {"model": "openbook_notifications.notification", "pk": 3, "fields": {"owner": 2, "created": "2019-11-20T14:53:07.712Z", "read": true, "notification_type": "F", "content_type": 47, "object_id": 2}}, {"model": "openbook_notifications.notification", "pk": 4, "fields": {"owner": 3, "created": "2019-11-21T11:01:36.224Z", "read": false, "notification_type": "F", "content_type": 47, "object_id": 3}}, {"model": "openbook_notifications.notification", "pk": 5, "fields": {"owner": 3, "created": "2019-11-21T11:03:26.702Z", "read": false, "notification_type": "F", "content_type": 47, "object_id": 4}}, {"model": "openbook_notifications.notification", "pk": 6, "fields": {"owner": 3, "created": "2019-11-21T11:03:29.779Z", "read": false, "notification_type": "CC", "content_type": 45, "object_id": 1}}, {"model": "openbook_notifications.notification", "pk": 7, "fields": {"owner": 1, "created": "2019-11-21T13:02:20.019Z", "read": false, "notification_type": "PR", "content_type": 50, "object_id": 1}}, {"model": "openbook_notifications.connectionconfirmednotification", "pk": 1, "fields": {"connection_confirmator": 1}}, {"model": "openbook_notifications.follownotification", "pk": 1, "fields": {"follower": 3}}, {"model": "openbook_notifications.follownotification", "pk": 2, "fields": {"follower": 3}}, {"model": "openbook_notifications.follownotification", "pk": 3, "fields": {"follower": 2}}, {"model": "openbook_notifications.follownotification", "pk": 4, "fields": {"follower": 1}}, {"model": "openbook_notifications.postreactionnotification", "pk": 1, "fields": {"post_reaction": 1}}]